Date,Price,Open,High,Low,Trading Volume,% Change
1/12/2017,"22,781.00","23,230.00","23,230.00","22,602.00",6.12K,1.60%
4/12/2017,"22,961.00","24,037.00","24,037.00","22,871.00",4.36K,0.79%
5/12/2017,"22,961.00","23,589.00","23,589.00","22,602.00",5.95K,0.00%
6/12/2017,"22,871.00","22,871.00","22,961.00","22,871.00",10.70K,-0.39%
7/12/2017,"22,512.00","22,423.00","22,512.00","22,423.00",7.10K,-1.57%
8/12/2017,"22,961.00","23,320.00","23,320.00","22,692.00",20.63K,1.99%
11/12/2017,"22,871.00","22,423.00","23,230.00","22,243.00",19.32K,-0.39%
12/12/2017,"22,602.00","22,243.00","23,051.00","22,064.00",5.04K,-1.18%
13/12/2017,"22,423.00","22,154.00","22,423.00","22,064.00",7.01K,-0.79%
14/12/2017,"22,243.00","22,423.00","22,423.00","22,243.00",13.30K,-0.80%
15/12/2017,"22,064.00","22,243.00","22,243.00","22,064.00",49.99K,-0.80%
18/12/2017,"22,243.00","22,064.00","22,423.00","21,974.00",29.83K,0.81%
19/12/2017,"22,423.00","23,320.00","23,320.00","22,423.00",0.70K,0.81%
20/12/2017,"22,064.00","22,423.00","22,423.00","21,974.00",26.53K,-1.60%
21/12/2017,"22,871.00","22,064.00","23,320.00","22,064.00",18.57K,3.66%
22/12/2017,"22,871.00","22,871.00","22,871.00","22,871.00",0.28K,0.00%
25/12/2017,"22,781.00","22,423.00","22,781.00","22,423.00",3.34K,-0.39%
26/12/2017,"22,871.00","23,140.00","23,140.00","22,423.00",3.90K,0.40%
27/12/2017,"22,423.00","22,871.00","22,871.00","22,423.00",13.84K,-1.96%
28/12/2017,"22,243.00","22,154.00","22,423.00","22,154.00",27.09K,-0.80%
29/12/2017,"22,423.00","22,243.00","23,320.00","22,243.00",24.82K,0.81%
2/1/2018,"22,423.00","23,320.00","23,320.00","22,423.00",4.10K,0.00%
3/1/2018,"22,692.00","23,051.00","23,051.00","22,423.00",8.02K,1.20%
4/1/2018,"22,602.00","22,512.00","23,230.00","21,974.00",24.40K,-0.40%
5/1/2018,"22,243.00","22,423.00","22,961.00","21,974.00",38.95K,-1.59%
8/1/2018,"22,423.00","23,230.00","23,230.00","22,243.00",33.48K,0.81%
9/1/2018,"22,423.00","22,423.00","22,512.00","21,705.00",7.35K,0.00%
10/1/2018,"22,333.00","22,423.00","22,423.00","22,243.00",31.12K,-0.40%
11/1/2018,"22,333.00","22,333.00","22,333.00","22,154.00",18.54K,0.00%
12/1/2018,"22,154.00","22,154.00","22,243.00","22,064.00",20.20K,-0.80%
15/01/2018,"23,230.00","22,154.00","23,230.00","21,885.00",10.59K,4.86%
16/01/2018,"22,154.00","22,423.00","22,423.00","22,154.00",9.03K,-4.63%
17/01/2018,"22,154.00","22,333.00","22,333.00","22,154.00",12.98K,0.00%
18/01/2018,"21,885.00","21,974.00","22,154.00","21,885.00",19.64K,-1.21%
19/01/2018,"22,423.00","21,974.00","22,423.00","21,974.00",9.31K,2.46%
22/01/2018,"21,974.00","22,423.00","22,423.00","21,885.00",73.65K,-2.00%
23/01/2018,"21,795.00","21,974.00","21,974.00","21,795.00",68.20K,-0.81%
24/01/2018,"21,974.00","21,795.00","21,974.00","21,526.00",71.30K,0.82%
25/01/2018,"21,974.00","22,781.00","22,781.00","21,615.00",10.37K,0.00%
26/01/2018,"21,705.00","21,795.00","21,795.00","21,526.00",29.46K,-1.22%
29/01/2018,"20,180.00","21,705.00","21,705.00","20,180.00",41.48K,-7.03%
30/01/2018,"21,346.00","21,526.00","21,526.00","19,822.00",37.71K,5.78%
31/01/2018,"20,988.00","21,346.00","21,346.00","20,629.00",4.15K,-1.68%
1/2/2018,"19,732.00","20,629.00","20,629.00","19,732.00",8.26K,-5.98%
2/2/2018,"19,732.00","20,629.00","20,629.00","19,553.00",16.00K,0.00%
5/2/2018,"19,553.00","20,629.00","21,526.00","19,553.00",3.06K,-0.91%
6/2/2018,"19,284.00","19,194.00","19,284.00","17,759.00",56.45K,-1.38%
7/2/2018,"19,194.00","20,270.00","20,270.00","18,566.00",38.34K,-0.47%
8/2/2018,"19,104.00","20,180.00","20,180.00","19,104.00",14.10K,-0.47%
9/2/2018,"19,104.00","19,642.00","19,642.00","19,014.00",16.51K,0.00%
12/2/2018,"20,629.00","19,732.00","20,898.00","19,732.00",1.10K,7.98%
13/02/2018,"21,526.00","21,526.00","21,526.00","19,822.00",7.50K,4.35%
21/02/2018,"21,077.00","21,526.00","22,333.00","20,629.00",3.31K,-2.09%
22/02/2018,"21,077.00","20,629.00","21,526.00","20,629.00",3.00K,0.00%
23/02/2018,"20,629.00","19,911.00","20,629.00","19,911.00",18.24K,-2.13%
26/02/2018,"19,014.00","20,180.00","20,180.00","19,014.00",25.60K,-7.83%
27/02/2018,"20,180.00","20,180.00","20,180.00","18,835.00",28.93K,6.13%
28/02/2018,"20,001.00","21,077.00","21,077.00","20,001.00",3.23K,-0.89%
1/3/2018,"19,553.00","20,629.00","20,629.00","19,463.00",3.80K,-2.24%
2/3/2018,"19,911.00","20,449.00","20,449.00","19,284.00",19.51K,1.83%
5/3/2018,"19,642.00","20,091.00","20,091.00","19,463.00",7.05K,-1.35%
6/3/2018,"19,373.00","19,463.00","19,463.00","19,284.00",16.94K,-1.37%
7/3/2018,"18,745.00","20,539.00","20,539.00","18,566.00",138.46K,-3.24%
8/3/2018,"18,656.00","20,539.00","20,539.00","18,566.00",50.42K,-0.47%
9/3/2018,"19,553.00","18,566.00","20,449.00","18,566.00",4.20K,4.81%
12/3/2018,"18,297.00","20,449.00","20,449.00","18,297.00",67.97K,-6.42%
13/03/2018,"20,001.00","20,001.00","20,001.00","20,001.00",0.17K,9.31%
14/03/2018,"19,284.00","18,835.00","19,284.00","18,656.00",10.87K,-3.58%
15/03/2018,"18,207.00","19,911.00","20,001.00","18,118.00",69.35K,-5.58%
16/03/2018,"17,938.00","19,284.00","19,284.00","17,848.00",117.94K,-1.48%
19/03/2018,"17,579.00","19,284.00","19,284.00","17,310.00",94.38K,-2.00%
20/03/2018,"17,938.00","17,400.00","18,118.00","17,400.00",4.45K,2.04%
21/03/2018,"18,118.00","17,938.00","18,745.00","17,938.00",13.12K,1.00%
22/03/2018,"18,925.00","18,118.00","19,104.00","18,118.00",11.60K,4.45%
23/03/2018,"18,476.00","18,835.00","18,835.00","18,297.00",36.40K,-2.37%
26/03/2018,"19,104.00","18,835.00","19,104.00","18,835.00",41.72K,3.40%
27/03/2018,"18,835.00","18,835.00","18,835.00","18,835.00",7.61K,-1.41%
28/03/2018,"19,014.00","19,014.00","19,553.00","18,656.00",16.50K,0.95%
29/03/2018,"18,925.00","19,014.00","19,014.00","18,925.00",2.60K,-0.47%
30/03/2018,"19,284.00","19,553.00","19,553.00","18,835.00",2.68K,1.90%
2/4/2018,"19,014.00","18,835.00","19,014.00","18,835.00",1.40K,-1.40%
3/4/2018,"19,014.00","18,835.00","19,014.00","18,745.00",7.59K,0.00%
4/4/2018,"19,014.00","19,014.00","19,284.00","18,387.00",10.75K,0.00%
5/4/2018,"18,476.00","18,835.00","18,835.00","18,476.00",13.64K,-2.83%
6/4/2018,"18,835.00","19,642.00","19,642.00","18,476.00",43.51K,1.94%
9/4/2018,"18,566.00","18,566.00","18,566.00","18,476.00",2.46K,-1.43%
10/4/2018,"19,104.00","19,014.00","19,284.00","18,566.00",3.71K,2.90%
11/4/2018,"18,656.00","18,566.00","18,745.00","18,566.00",4.90K,-2.35%
12/4/2018,"18,566.00","18,656.00","18,656.00","18,566.00",7.90K,-0.48%
13/04/2018,"18,835.00","19,014.00","19,014.00","18,566.00",2.10K,1.45%
16/04/2018,"18,925.00","19,642.00","19,642.00","18,745.00",47.00K,0.48%
17/04/2018,"18,925.00","19,194.00","19,284.00","18,925.00",40.70K,0.00%
18/04/2018,"19,104.00","19,732.00","19,732.00","18,835.00",24.50K,0.95%
19/04/2018,"18,835.00","18,835.00","18,835.00","18,476.00",23.21K,-1.41%
20/04/2018,"18,387.00","18,835.00","18,835.00","18,387.00",7.11K,-2.38%
23/04/2018,"18,387.00","19,642.00","19,642.00","18,387.00",36.90K,0.00%
24/04/2018,"18,387.00","19,732.00","19,732.00","18,207.00",23.36K,0.00%
26/04/2018,"18,297.00","18,835.00","18,835.00","18,207.00",67.00K,-0.49%
27/04/2018,"18,835.00","19,194.00","19,194.00","18,387.00",3.00K,2.94%
2/5/2018,"18,745.00","18,745.00","18,745.00","18,745.00",0.10K,-0.48%
3/5/2018,"18,297.00","18,387.00","18,387.00","18,297.00",55.56K,-2.39%
4/5/2018,"18,207.00","18,745.00","18,745.00","18,207.00",32.10K,-0.49%
7/5/2018,"17,490.00","18,745.00","18,745.00","17,131.00",84.00K,-3.94%
8/5/2018,"17,041.00","18,835.00","18,835.00","16,772.00",141.20K,-2.57%
9/5/2018,"16,952.00","18,387.00","18,387.00","16,952.00",29.80K,-0.52%
10/5/2018,"17,041.00","18,297.00","18,297.00","17,041.00",110.75K,0.53%
11/5/2018,"16,682.00","17,848.00","17,848.00","16,682.00",42.78K,-2.11%
14/05/2018,"16,952.00","16,593.00","17,669.00","16,593.00",36.63K,1.62%
15/05/2018,"17,041.00","16,952.00","17,041.00","16,772.00",11.97K,0.53%
16/05/2018,"16,952.00","16,952.00","17,041.00","16,952.00",4.13K,-0.52%
17/05/2018,"16,682.00","16,862.00","17,041.00","16,682.00",66.66K,-1.59%
18/05/2018,"16,144.00","16,772.00","16,862.00","16,144.00",45.10K,-3.23%
21/05/2018,"16,055.00","17,041.00","17,041.00","16,055.00",71.47K,-0.55%
22/05/2018,"15,696.00","16,772.00","16,772.00","15,696.00",60.40K,-2.24%
23/05/2018,"16,144.00","16,055.00","16,144.00","15,606.00",46.82K,2.85%
24/05/2018,"16,144.00","16,144.00","16,503.00","16,144.00",48.12K,0.00%
25/05/2018,"16,055.00","16,144.00","16,144.00","15,696.00",73.43K,-0.55%
28/05/2018,"16,144.00","16,593.00","16,952.00","16,055.00",23.40K,0.55%
29/05/2018,"16,682.00","16,862.00","16,862.00","16,593.00",7.40K,3.33%
30/05/2018,"16,772.00","17,041.00","17,579.00","16,772.00",3.54K,0.54%
31/05/2018,"17,579.00","17,938.00","17,938.00","17,041.00",39.69K,4.81%
1/6/2018,"17,579.00","17,490.00","17,579.00","17,041.00",33.12K,0.00%
4/6/2018,"17,490.00","17,938.00","17,938.00","17,490.00",14.03K,-0.51%
5/6/2018,"16,862.00","17,669.00","17,759.00","16,593.00",24.00K,-3.59%
6/6/2018,"16,862.00","17,759.00","17,759.00","16,862.00",105.30K,0.00%
7/6/2018,"17,131.00","17,400.00","17,400.00","16,862.00",74.40K,1.60%
8/6/2018,"17,041.00","17,131.00","17,131.00","17,041.00",57.65K,-0.53%
11/6/2018,"17,041.00","17,041.00","17,490.00","17,041.00",28.90K,0.00%
12/6/2018,"17,310.00","17,490.00","17,490.00","16,682.00",16.10K,1.58%
13/06/2018,"17,400.00","17,131.00","17,400.00","17,131.00",4.59K,0.52%
14/06/2018,"16,800.00","17,400.00","19,000.00","16,800.00",43.89K,-3.45%
15/06/2018,"16,600.00","16,800.00","17,900.00","16,600.00",129.80K,-1.19%
18/06/2018,"16,100.00","17,800.00","17,800.00","16,000.00",63.81K,-3.01%
19/06/2018,"16,000.00","16,100.00","16,100.00","16,000.00",17.40K,-0.62%
20/06/2018,"16,000.00","15,600.00","16,000.00","15,500.00",92.20K,0.00%
21/06/2018,"16,000.00","16,500.00","16,500.00","15,600.00",50.71K,0.00%
22/06/2018,"16,100.00","16,400.00","16,400.00","15,400.00",107.80K,0.63%
25/06/2018,"15,300.00","16,000.00","16,000.00","15,100.00",49.60K,-4.97%
26/06/2018,"15,000.00","15,200.00","15,600.00","14,900.00",106.41K,-1.96%
27/06/2018,"15,700.00","15,000.00","15,700.00","15,000.00",145.00K,4.67%
28/06/2018,"15,600.00","15,500.00","15,700.00","15,300.00",11.30K,-0.64%
29/06/2018,"16,200.00","15,600.00","16,400.00","15,600.00",28.80K,3.85%
2/7/2018,"15,700.00","16,200.00","16,200.00","15,100.00",35.60K,-3.09%
3/7/2018,"15,500.00","16,200.00","16,200.00","15,500.00",18.40K,-1.27%
4/7/2018,"15,800.00","16,200.00","16,200.00","15,500.00",3.70K,1.94%
5/7/2018,"15,800.00","16,000.00","17,000.00","15,500.00",29.20K,0.00%
6/7/2018,"15,500.00","15,600.00","15,800.00","15,500.00",27.80K,-1.90%
9/7/2018,"16,200.00","15,700.00","16,900.00","15,700.00",41.25K,4.52%
10/7/2018,"16,200.00","16,800.00","16,800.00","16,200.00",15.40K,0.00%
11/7/2018,"16,600.00","17,000.00","17,000.00","16,300.00",40.10K,2.47%
12/7/2018,"16,600.00","16,900.00","16,900.00","16,600.00",22.80K,0.00%
13/07/2018,"16,600.00","17,000.00","17,000.00","16,200.00",18.00K,0.00%
16/07/2018,"16,600.00","16,600.00","16,700.00","16,600.00",14.60K,0.00%
17/07/2018,"17,000.00","17,000.00","17,000.00","17,000.00",0.10K,2.41%
18/07/2018,"16,800.00","16,900.00","16,900.00","16,800.00",10.72K,-1.18%
19/07/2018,"16,800.00","16,900.00","17,000.00","16,800.00",15.84K,0.00%
20/07/2018,"16,800.00","16,800.00","16,900.00","16,800.00",34.80K,0.00%
23/07/2018,"16,800.00","16,800.00","16,800.00","16,800.00",4.10K,0.00%
24/07/2018,"16,900.00","17,500.00","17,500.00","16,900.00",7.10K,0.60%
25/07/2018,"16,700.00","17,500.00","17,500.00","16,700.00",2.50K,-1.18%
26/07/2018,"16,900.00","16,900.00","17,000.00","16,600.00",2.50K,1.20%
27/07/2018,"16,000.00","16,900.00","16,900.00","16,000.00",6.20K,-5.33%
30/07/2018,"17,000.00","17,000.00","17,000.00","17,000.00",0.11K,6.25%
31/07/2018,"17,000.00","16,600.00","17,000.00","16,600.00",4.40K,0.00%
1/8/2018,"16,900.00","16,300.00","16,900.00","16,300.00",1.70K,-0.59%
2/8/2018,"16,900.00","16,800.00","16,900.00","16,800.00",10.00K,0.00%
3/8/2018,"16,500.00","16,500.00","16,500.00","16,000.00",38.95K,-2.37%
6/8/2018,"16,500.00","16,900.00","16,900.00","16,000.00",20.95K,0.00%
7/8/2018,"16,400.00","16,500.00","16,500.00","16,300.00",4.64K,-0.61%
8/8/2018,"16,500.00","16,400.00","16,900.00","16,400.00",7.50K,0.61%
9/8/2018,"16,500.00","16,400.00","16,500.00","16,400.00",13.41K,0.00%
10/8/2018,"16,500.00","16,500.00","16,500.00","16,500.00",42.14K,0.00%
13/08/2018,"16,400.00","16,200.00","16,500.00","16,200.00",8.10K,-0.61%
14/08/2018,"16,500.00","16,500.00","16,500.00","16,500.00",8.00K,0.61%
15/08/2018,"16,200.00","16,500.00","16,500.00","16,200.00",7.36K,-1.82%
16/08/2018,"16,100.00","16,100.00","16,100.00","16,100.00",0.24K,-0.62%
17/08/2018,"16,100.00","16,000.00","16,400.00","16,000.00",6.51K,0.00%
20/08/2018,"16,400.00","16,500.00","16,500.00","16,100.00",2.70K,1.86%
21/08/2018,"16,400.00","16,500.00","16,500.00","16,300.00",0.50K,0.00%
22/08/2018,"16,200.00","16,400.00","16,400.00","16,000.00",9.61K,-1.22%
23/08/2018,"16,400.00","16,200.00","16,400.00","16,200.00",1.30K,1.23%
24/08/2018,"16,400.00","16,400.00","17,000.00","16,200.00",9.35K,0.00%
27/08/2018,"16,500.00","16,400.00","17,000.00","16,300.00",9.90K,0.61%
28/08/2018,"16,500.00","16,900.00","16,900.00","16,400.00",15.94K,0.00%
29/08/2018,"16,400.00","16,900.00","16,900.00","16,400.00",7.90K,-0.61%
30/08/2018,"16,200.00","16,400.00","16,500.00","16,200.00",12.10K,-1.22%
31/08/2018,"16,400.00","16,500.00","16,500.00","16,200.00",5.06K,1.23%
4/9/2018,"16,500.00","16,300.00","16,500.00","16,300.00",3.30K,0.61%
5/9/2018,"16,400.00","16,400.00","16,400.00","16,400.00",0.61K,-0.61%
6/9/2018,"16,400.00","16,400.00","16,400.00","16,300.00",5.24K,0.00%
7/9/2018,"16,400.00","16,400.00","16,400.00","16,400.00",19.30K,0.00%
10/9/2018,"16,400.00","16,500.00","16,500.00","16,400.00",2.40K,0.00%
11/9/2018,"16,400.00","16,400.00","16,400.00","16,400.00",4.40K,0.00%
12/9/2018,"16,400.00","16,400.00","16,500.00","16,400.00",15.40K,0.00%
13/09/2018,"16,400.00","16,500.00","16,500.00","16,400.00",22.05K,0.00%
14/09/2018,"17,100.00","17,800.00","17,800.00","15,500.00",225.46K,4.27%
17/09/2018,"18,400.00","17,100.00","18,800.00","17,100.00",90.81K,7.60%
18/09/2018,"18,500.00","18,500.00","18,800.00","18,400.00",9.50K,0.54%
19/09/2018,"18,300.00","18,100.00","18,600.00","18,000.00",48.77K,-1.08%
20/09/2018,"17,600.00","18,300.00","18,300.00","17,600.00",63.14K,-3.83%
21/09/2018,"17,600.00","17,600.00","18,100.00","17,600.00",38.10K,0.00%
24/09/2018,"17,800.00","18,000.00","18,000.00","17,700.00",15.70K,1.14%
25/09/2018,"17,700.00","17,900.00","18,000.00","17,700.00",21.84K,-0.56%
26/09/2018,"18,400.00","17,800.00","18,500.00","17,400.00",145.44K,3.95%
27/09/2018,"18,300.00","18,800.00","18,800.00","18,200.00",22.72K,-0.54%
28/09/2018,"18,300.00","18,700.00","18,700.00","18,100.00",8.60K,0.00%
1/10/2018,"17,500.00","18,300.00","18,300.00","17,500.00",45.70K,-4.37%
2/10/2018,"17,900.00","18,200.00","18,500.00","17,600.00",20.20K,2.29%
3/10/2018,"17,900.00","17,900.00","18,000.00","17,600.00",25.31K,0.00%
4/10/2018,"17,600.00","18,000.00","18,000.00","17,600.00",35.80K,-1.68%
5/10/2018,"17,700.00","18,300.00","18,300.00","17,500.00",31.42K,0.57%
8/10/2018,"17,600.00","18,000.00","18,000.00","17,500.00",27.00K,-0.56%
9/10/2018,"17,600.00","18,000.00","18,000.00","17,500.00",37.10K,0.00%
10/10/2018,"17,700.00","17,700.00","17,800.00","17,700.00",38.63K,0.57%
11/10/2018,"17,500.00","17,700.00","17,700.00","17,100.00",34.30K,-1.13%
12/10/2018,"17,300.00","17,500.00","17,600.00","17,200.00",127.10K,-1.14%
15/10/2018,"17,400.00","18,000.00","18,000.00","17,100.00",28.10K,0.58%
16/10/2018,"17,500.00","17,700.00","17,700.00","17,300.00",54.57K,0.57%
17/10/2018,"17,700.00","18,000.00","18,000.00","17,300.00",34.42K,1.14%
18/10/2018,"17,900.00","17,700.00","18,300.00","17,700.00",32.91K,1.13%
19/10/2018,"17,800.00","18,300.00","18,300.00","17,500.00",1.04K,-0.56%
22/10/2018,"18,000.00","17,900.00","18,200.00","17,800.00",189.59K,1.12%
23/10/2018,"17,800.00","17,800.00","18,000.00","17,600.00",44.42K,-1.11%
24/10/2018,"17,500.00","17,500.00","17,500.00","17,300.00",11.54K,-1.69%
25/10/2018,"17,400.00","17,600.00","17,600.00","16,500.00",44.65K,-0.57%
26/10/2018,"17,500.00","17,800.00","17,800.00","17,100.00",8.13K,0.57%
29/10/2018,"17,200.00","16,000.00","17,400.00","16,000.00",34.45K,-1.71%
30/10/2018,"17,500.00","17,200.00","17,500.00","17,000.00",20.00K,1.74%
31/10/2018,"17,000.00","17,400.00","18,000.00","17,000.00",15.57K,-2.86%
1/11/2018,"17,100.00","17,300.00","17,300.00","17,100.00",8.33K,0.59%
2/11/2018,"17,200.00","17,600.00","17,600.00","17,100.00",2.90K,0.58%
5/11/2018,"17,100.00","17,500.00","17,500.00","17,000.00",23.97K,-0.58%
6/11/2018,"17,200.00","17,100.00","17,500.00","17,000.00",7.97K,0.58%
8/11/2018,"17,300.00","17,100.00","17,300.00","17,000.00",8.10K,0.58%
9/11/2018,"17,500.00","17,300.00","18,000.00","16,900.00",0.97K,1.16%
12/11/2018,"17,400.00","17,100.00","17,400.00","17,100.00",0.60K,-0.57%
13/11/2018,"17,200.00","17,400.00","17,400.00","17,100.00",7.15K,-1.15%
14/11/2018,"17,200.00","17,200.00","17,200.00","17,200.00",0.50K,0.00%
15/11/2018,"18,000.00","17,500.00","18,000.00","17,500.00",0.39K,4.65%
16/11/2018,"17,500.00","17,600.00","17,600.00","17,500.00",10.46K,-2.78%
19/11/2018,"17,100.00","17,500.00","17,700.00","17,100.00",50.50K,-2.29%
20/11/2018,"17,000.00","18,000.00","18,000.00","16,600.00",30.10K,-0.58%
21/11/2018,"17,100.00","17,700.00","17,700.00","16,600.00",56.21K,0.59%
22/11/2018,"17,200.00","17,900.00","17,900.00","17,000.00",101.40K,0.58%
23/11/2018,"17,000.00","16,800.00","17,600.00","16,800.00",10.60K,-1.16%
26/11/2018,"17,000.00","17,300.00","17,300.00","16,800.00",76.10K,0.00%
27/11/2018,"16,900.00","17,500.00","17,500.00","16,800.00",8.60K,-0.59%
28/11/2018,"17,000.00","16,900.00","17,000.00","16,900.00",0.60K,0.59%
29/11/2018,"16,800.00","17,400.00","17,400.00","16,800.00",8.10K,-1.18%
30/11/2018,"17,000.00","17,400.00","17,400.00","16,700.00",2.20K,1.19%
3/12/2018,"16,500.00","17,500.00","17,500.00","16,500.00",20.90K,-2.94%
4/12/2018,"16,500.00","16,500.00","17,000.00","16,300.00",33.00K,0.00%
5/12/2018,"16,500.00","17,500.00","17,500.00","16,500.00",27.30K,0.00%
6/12/2018,"16,300.00","16,900.00","16,900.00","16,300.00",12.82K,-1.21%
7/12/2018,"16,500.00","16,900.00","16,900.00","16,300.00",8.10K,1.23%
10/12/2018,"16,500.00","16,300.00","16,500.00","16,300.00",4.00K,0.00%
11/12/2018,"16,500.00","16,400.00","16,500.00","16,200.00",10.10K,0.00%
12/12/2018,"16,700.00","17,500.00","17,500.00","16,100.00",4.72K,1.21%
13/12/2018,"16,500.00","16,500.00","16,500.00","16,500.00",3.40K,-1.20%
14/12/2018,"16,500.00","16,400.00","16,500.00","16,300.00",0.60K,0.00%
17/12/2018,"16,500.00","16,400.00","16,500.00","16,200.00",0.40K,0.00%
18/12/2018,"16,500.00","16,200.00","16,500.00","16,200.00",0.97K,0.00%
19/12/2018,"16,200.00","16,200.00","16,200.00","16,100.00",17.33K,-1.82%
20/12/2018,"16,200.00","16,200.00","16,200.00","16,200.00",0.60K,0.00%
21/12/2018,"16,200.00","16,200.00","16,400.00","16,100.00",16.41K,0.00%
24/12/2018,"16,300.00","16,100.00","16,300.00","16,100.00",0.25K,0.62%
25/12/2018,"16,300.00","16,100.00","16,400.00","16,000.00",13.90K,0.00%
26/12/2018,"16,400.00","16,300.00","16,400.00","16,100.00",0.39K,0.61%
27/12/2018,"16,500.00","16,400.00","17,100.00","16,100.00",2.45K,0.61%
28/12/2018,"16,700.00","16,500.00","16,700.00","16,100.00",1.00K,1.21%
2/1/2019,"16,400.00","16,400.00","16,400.00","16,400.00",0.27K,-1.80%
3/1/2019,"16,400.00","16,300.00","16,400.00","16,300.00",24.85K,0.00%
4/1/2019,"16,300.00","16,300.00","16,300.00","16,300.00",1.02K,-0.61%
7/1/2019,"17,100.00","16,500.00","17,900.00","16,100.00",0.52K,4.91%
8/1/2019,"16,700.00","17,100.00","17,100.00","16,100.00",4.55K,-2.34%
9/1/2019,"16,200.00","16,100.00","16,200.00","16,100.00",2.60K,-2.99%
10/1/2019,"16,300.00","16,300.00","16,300.00","16,300.00",0.10K,0.62%
11/1/2019,"16,200.00","16,200.00","16,200.00","16,200.00",2.70K,-0.61%
14/01/2019,"16,500.00","16,500.00","16,500.00","16,500.00",0.10K,1.85%
15/01/2019,"17,500.00","17,000.00","17,500.00","17,000.00",0.20K,6.06%
16/01/2019,"16,000.00","16,500.00","16,500.00","16,000.00",33.70K,-8.57%
17/01/2019,"16,000.00","16,500.00","16,500.00","16,000.00",21.31K,0.00%
18/01/2019,"16,100.00","16,300.00","16,300.00","16,100.00",1.11K,0.63%
21/01/2019,"16,000.00","15,800.00","16,000.00","15,800.00",6.20K,-0.62%
22/01/2019,"16,000.00","16,000.00","16,200.00","16,000.00",9.20K,0.00%
23/01/2019,"16,200.00","15,900.00","16,200.00","15,800.00",1.41K,1.25%
24/01/2019,"16,000.00","16,000.00","16,000.00","16,000.00",9.23K,-1.23%
25/01/2019,"16,100.00","16,200.00","16,200.00","16,000.00",10.20K,0.63%
28/01/2019,"16,200.00","16,000.00","16,200.00","15,900.00",0.50K,0.62%
29/01/2019,"16,000.00","16,000.00","16,000.00","16,000.00",6.60K,-1.23%
30/01/2019,"16,200.00","16,100.00","16,200.00","16,100.00",14.80K,1.25%
31/01/2019,"16,100.00","16,000.00","16,100.00","16,000.00",4.72K,-0.62%
1/2/2019,"16,200.00","16,100.00","16,200.00","16,100.00",3.30K,0.62%
11/2/2019,"16,300.00","17,400.00","17,400.00","16,300.00",5.02K,0.62%
12/2/2019,"16,300.00","16,300.00","16,300.00","16,300.00",1.70K,0.00%
13/02/2019,"16,200.00","16,200.00","16,200.00","16,200.00",15.90K,-0.61%
14/02/2019,"16,200.00","16,200.00","16,200.00","16,200.00",2.21K,0.00%
15/02/2019,"16,100.00","16,100.00","16,100.00","16,100.00",0.10K,-0.62%
18/02/2019,"16,000.00","16,100.00","16,200.00","16,000.00",44.41K,-0.62%
19/02/2019,"15,800.00","16,000.00","16,000.00","15,800.00",84.07K,-1.25%
20/02/2019,"15,800.00","15,800.00","15,800.00","15,800.00",23.89K,0.00%
21/02/2019,"15,700.00","15,800.00","15,800.00","15,600.00",38.91K,-0.63%
22/02/2019,"15,700.00","15,700.00","15,900.00","15,700.00",46.40K,0.00%
25/02/2019,"15,700.00","16,500.00","16,500.00","15,600.00",18.93K,0.00%
26/02/2019,"15,800.00","15,600.00","15,800.00","15,600.00",5.75K,0.64%
27/02/2019,"15,400.00","15,600.00","15,600.00","15,400.00",45.14K,-2.53%
28/02/2019,"15,400.00","15,900.00","16,500.00","15,400.00",9.82K,0.00%
1/3/2019,"15,500.00","16,200.00","16,200.00","15,400.00",18.83K,0.65%
4/3/2019,"15,700.00","16,200.00","16,200.00","15,700.00",6.61K,1.29%
5/3/2019,"15,700.00","16,200.00","16,200.00","15,700.00",7.67K,0.00%
6/3/2019,"15,800.00","15,700.00","15,800.00","15,500.00",5.00K,0.64%
7/3/2019,"15,800.00","16,200.00","16,200.00","15,800.00",26.90K,0.00%
8/3/2019,"15,800.00","16,200.00","16,200.00","15,800.00",5.00K,0.00%
11/3/2019,"15,800.00","16,200.00","16,200.00","15,800.00",7.03K,0.00%
12/3/2019,"15,900.00","15,900.00","16,000.00","15,700.00",55.40K,0.63%
13/03/2019,"15,900.00","15,900.00","16,000.00","15,900.00",16.62K,0.00%
14/03/2019,"16,000.00","16,300.00","16,300.00","15,800.00",53.60K,0.63%
15/03/2019,"16,000.00","16,000.00","16,400.00","16,000.00",78.33K,0.00%
18/03/2019,"16,300.00","16,300.00","16,300.00","16,000.00",32.50K,1.88%
19/03/2019,"16,000.00","16,000.00","16,200.00","16,000.00",17.20K,-1.84%
20/03/2019,"16,000.00","16,300.00","16,300.00","16,000.00",6.44K,0.00%
21/03/2019,"16,400.00","16,000.00","16,400.00","16,000.00",13.10K,2.50%
22/03/2019,"16,000.00","16,400.00","16,400.00","16,000.00",6.21K,-2.44%
25/03/2019,"16,100.00","16,400.00","16,400.00","15,700.00",17.05K,0.63%
26/03/2019,"16,100.00","16,000.00","16,100.00","16,000.00",4.86K,0.00%
27/03/2019,"16,400.00","16,000.00","16,400.00","16,000.00",0.20K,1.86%
28/03/2019,"16,000.00","16,000.00","16,200.00","16,000.00",5.71K,-2.44%
29/03/2019,"16,300.00","17,000.00","17,000.00","16,000.00",3.25K,1.88%
1/4/2019,"16,200.00","16,000.00","16,200.00","15,800.00",3.73K,-0.61%
2/4/2019,"16,300.00","16,200.00","16,300.00","16,200.00",1.50K,0.62%
3/4/2019,"16,200.00","16,300.00","16,300.00","16,200.00",5.60K,-0.61%
4/4/2019,"16,200.00","16,200.00","16,200.00","16,200.00",11.31K,0.00%
5/4/2019,"16,200.00","16,000.00","16,300.00","15,700.00",4.52K,0.00%
8/4/2019,"16,300.00","16,200.00","16,300.00","16,200.00",4.49K,0.62%
9/4/2019,"16,300.00","16,300.00","16,300.00","16,300.00",0.32K,0.00%
10/4/2019,"16,000.00","16,300.00","16,300.00","16,000.00",0.40K,-1.84%
11/4/2019,"16,000.00","16,000.00","16,000.00","16,000.00",6.14K,0.00%
12/4/2019,"15,900.00","15,900.00","15,900.00","15,600.00",5.20K,-0.63%
16/04/2019,"15,900.00","16,200.00","16,200.00","15,900.00",0.30K,0.00%
17/04/2019,"16,100.00","16,200.00","16,200.00","16,000.00",0.54K,1.26%
18/04/2019,"16,100.00","15,900.00","16,100.00","15,800.00",27.97K,0.00%
19/04/2019,"16,400.00","16,100.00","16,500.00","16,100.00",16.97K,1.86%
22/04/2019,"16,300.00","15,800.00","16,400.00","15,800.00",8.10K,-0.61%
23/04/2019,"16,200.00","16,300.00","16,300.00","16,200.00",11.21K,-0.61%
24/04/2019,"16,200.00","16,200.00","16,200.00","16,000.00",1.32K,0.00%
25/04/2019,"16,200.00","15,900.00","16,200.00","15,900.00",0.45K,0.00%
26/04/2019,"17,000.00","16,400.00","17,000.00","16,400.00",1.64K,4.94%
2/5/2019,"16,200.00","16,900.00","16,900.00","16,200.00",8.90K,-4.71%
3/5/2019,"16,500.00","16,100.00","16,500.00","16,000.00",20.36K,1.85%
6/5/2019,"16,500.00","16,500.00","16,500.00","16,500.00",1.41K,0.00%
7/5/2019,"16,300.00","16,400.00","16,400.00","15,900.00",1.76K,-1.21%
8/5/2019,"16,200.00","16,000.00","16,200.00","16,000.00",0.22K,-0.61%
9/5/2019,"16,300.00","16,500.00","16,500.00","16,300.00",2.22K,0.62%
10/5/2019,"16,000.00","16,200.00","16,200.00","15,900.00",10.24K,-1.84%
13/05/2019,"16,000.00","16,000.00","16,000.00","15,800.00",8.75K,0.00%
14/05/2019,"16,000.00","15,900.00","16,000.00","15,800.00",5.24K,0.00%
15/05/2019,"16,300.00","15,800.00","16,300.00","15,800.00",6.43K,1.88%
16/05/2019,"16,300.00","17,000.00","17,000.00","15,900.00",4.15K,0.00%
17/05/2019,"16,300.00","16,000.00","16,300.00","16,000.00",2.00K,0.00%
20/05/2019,"16,200.00","16,500.00","16,500.00","16,200.00",6.21K,-0.61%
21/05/2019,"16,100.00","16,000.00","16,200.00","16,000.00",5.90K,-0.62%
22/05/2019,"16,200.00","16,000.00","16,200.00","16,000.00",8.10K,0.62%
23/05/2019,"16,100.00","16,100.00","16,100.00","16,100.00",0.40K,-0.62%
24/05/2019,"16,100.00","16,100.00","16,100.00","16,100.00",3.01K,0.00%
28/05/2019,"16,200.00","16,000.00","16,200.00","16,000.00",2.34K,0.62%
29/05/2019,"16,200.00","16,000.00","16,200.00","16,000.00",32.10K,0.00%
30/05/2019,"16,400.00","16,100.00","16,400.00","16,100.00",8.15K,1.23%
31/05/2019,"16,600.00","16,400.00","16,700.00","16,200.00",22.40K,1.22%
3/6/2019,"14,770.00","14,500.00","14,770.00","14,410.00",5.90K,-11.02%
4/6/2019,"14,680.00","14,770.00","14,770.00","14,680.00",4.10K,-0.61%
5/6/2019,"14,680.00","14,680.00","14,770.00","14,680.00",7.69K,0.00%
6/6/2019,"14,770.00","14,860.00","15,130.00","14,770.00",20.80K,0.61%
7/6/2019,"14,770.00","14,770.00","14,770.00","14,590.00",1.10K,0.00%
10/6/2019,"14,770.00","15,130.00","15,130.00","14,770.00",10.00K,0.00%
11/6/2019,"14,770.00","14,860.00","14,860.00","14,680.00",18.63K,0.00%
12/6/2019,"14,500.00","15,311.00","15,311.00","14,500.00",24.23K,-1.83%
13/06/2019,"14,500.00","15,800.00","15,800.00","14,500.00",8.10K,0.00%
14/06/2019,"14,600.00","15,200.00","15,700.00","14,600.00",15.32K,0.69%
17/06/2019,"15,500.00","15,500.00","15,500.00","15,500.00",0.10K,6.16%
18/06/2019,"14,600.00","14,500.00","14,700.00","14,400.00",9.20K,-5.81%
19/06/2019,"14,600.00","14,900.00","14,900.00","14,400.00",5.60K,0.00%
20/06/2019,"14,400.00","14,500.00","14,500.00","14,400.00",9.90K,-1.37%
21/06/2019,"14,500.00","14,400.00","14,500.00","14,400.00",2.40K,0.69%
24/06/2019,"14,400.00","14,300.00","14,400.00","14,100.00",1.10K,-0.69%
26/06/2019,"14,400.00","14,400.00","14,400.00","14,400.00",0.80K,0.00%
27/06/2019,"14,500.00","14,400.00","15,800.00","14,300.00",1.85K,0.69%
28/06/2019,"14,200.00","14,300.00","14,500.00","14,200.00",3.64K,-2.07%
1/7/2019,"14,200.00","14,700.00","14,700.00","14,200.00",2.14K,0.00%
2/7/2019,"14,200.00","14,200.00","14,400.00","14,100.00",9.18K,0.00%
3/7/2019,"14,500.00","14,200.00","14,500.00","14,200.00",3.50K,2.11%
4/7/2019,"14,400.00","14,500.00","14,500.00","14,400.00",3.51K,-0.69%
5/7/2019,"14,400.00","14,400.00","14,400.00","14,400.00",1.35K,0.00%
9/7/2019,"14,500.00","14,400.00","14,500.00","14,400.00",1.13K,0.69%
11/7/2019,"14,300.00","14,300.00","14,300.00","14,200.00",6.17K,-1.38%
12/7/2019,"14,400.00","14,700.00","14,700.00","14,200.00",6.10K,0.70%
15/07/2019,"14,400.00","14,300.00","14,400.00","14,200.00",0.55K,0.00%
16/07/2019,"14,400.00","14,400.00","14,400.00","14,300.00",3.57K,0.00%
18/07/2019,"14,400.00","14,200.00","14,400.00","14,200.00",0.63K,0.00%
19/07/2019,"14,500.00","14,400.00","15,800.00","14,400.00",2.00K,0.69%
22/07/2019,"14,400.00","14,800.00","14,800.00","14,400.00",0.60K,-0.69%
23/07/2019,"14,400.00","14,100.00","14,500.00","14,100.00",0.70K,0.00%
24/07/2019,"14,800.00","14,800.00","15,800.00","14,200.00",5.77K,2.78%
26/07/2019,"14,500.00","14,500.00","14,500.00","14,100.00",1.40K,-2.03%
29/07/2019,"14,000.00","14,100.00","14,400.00","14,000.00",10.20K,-3.45%
30/07/2019,"14,400.00","14,500.00","14,500.00","14,400.00",0.20K,2.86%
31/07/2019,"14,600.00","14,100.00","15,000.00","14,000.00",8.40K,1.39%
1/8/2019,"14,000.00","14,100.00","14,100.00","14,000.00",3.01K,-4.11%
2/8/2019,"14,400.00","14,400.00","14,400.00","14,400.00",0.10K,2.86%
5/8/2019,"14,400.00","14,000.00","14,400.00","13,900.00",1.10K,0.00%
6/8/2019,"14,000.00","14,000.00","14,000.00","13,600.00",10.50K,-2.78%
7/8/2019,"14,200.00","14,300.00","14,300.00","14,200.00",4.20K,1.43%
8/8/2019,"13,900.00","14,100.00","14,100.00","13,600.00",11.90K,-2.11%
9/8/2019,"14,400.00","14,000.00","14,400.00","13,800.00",3.31K,3.60%
12/8/2019,"14,000.00","14,000.00","14,000.00","14,000.00",0.40K,-2.78%
13/08/2019,"14,200.00","13,900.00","14,200.00","13,900.00",5.90K,1.43%
14/08/2019,"14,200.00","14,200.00","14,200.00","13,900.00",6.06K,0.00%
16/08/2019,"14,200.00","14,200.00","14,200.00","14,200.00",5.00K,0.00%
19/08/2019,"14,000.00","14,200.00","14,200.00","14,000.00",10.10K,-1.41%
20/08/2019,"14,000.00","14,000.00","14,200.00","13,900.00",1.22K,0.00%
21/08/2019,"13,900.00","14,000.00","14,000.00","13,900.00",1.60K,-0.71%
22/08/2019,"13,900.00","13,900.00","14,200.00","13,900.00",7.64K,0.00%
23/08/2019,"13,800.00","13,900.00","13,900.00","13,800.00",6.01K,-0.72%
26/08/2019,"15,000.00","14,200.00","15,000.00","14,200.00",0.61K,8.70%
29/08/2019,"14,100.00","14,000.00","14,100.00","14,000.00",0.30K,-6.00%
30/08/2019,"14,100.00","14,100.00","14,100.00","13,800.00",1.00K,0.00%
4/9/2019,"14,000.00","14,000.00","14,000.00","14,000.00",1.60K,-0.71%
5/9/2019,"14,100.00","14,000.00","14,100.00","13,900.00",4.30K,0.71%
9/9/2019,"14,100.00","13,700.00","14,100.00","13,700.00",8.91K,0.00%
10/9/2019,"14,000.00","14,000.00","14,000.00","14,000.00",0.10K,-0.71%
11/9/2019,"14,000.00","13,900.00","14,000.00","13,900.00",0.40K,0.00%
12/9/2019,"14,000.00","13,900.00","14,000.00","13,700.00",0.60K,0.00%
13/09/2019,"14,000.00","14,000.00","14,000.00","13,700.00",0.60K,0.00%
17/09/2019,"14,000.00","13,900.00","14,000.00","13,900.00",4.60K,0.00%
18/09/2019,"14,600.00","14,100.00","14,600.00","14,100.00",1.60K,4.29%
19/09/2019,"13,700.00","13,700.00","13,700.00","13,700.00",0.43K,-6.16%
20/09/2019,"14,200.00","14,200.00","14,200.00","13,700.00",2.32K,3.65%
23/09/2019,"13,600.00","13,600.00","13,600.00","13,600.00",1.01K,-4.23%
24/09/2019,"14,000.00","14,000.00","14,000.00","14,000.00",0.10K,2.94%
25/09/2019,"14,000.00","14,000.00","14,000.00","14,000.00",0.20K,0.00%
26/09/2019,"14,000.00","13,900.00","14,000.00","13,800.00",1.20K,0.00%
30/09/2019,"14,000.00","13,800.00","14,000.00","13,800.00",3.30K,0.00%
1/10/2019,"13,800.00","14,000.00","14,000.00","13,800.00",0.30K,-1.43%
2/10/2019,"14,000.00","14,000.00","14,000.00","14,000.00",0.10K,1.45%
7/10/2019,"13,900.00","13,900.00","13,900.00","13,900.00",0.10K,-0.71%
8/10/2019,"13,700.00","13,800.00","13,800.00","13,700.00",0.41K,-1.44%
9/10/2019,"13,700.00","14,000.00","14,000.00","13,700.00",1.51K,0.00%
10/10/2019,"13,800.00","14,100.00","14,100.00","13,800.00",0.24K,0.73%
11/10/2019,"14,000.00","14,100.00","14,100.00","13,400.00",3.40K,1.45%
14/10/2019,"14,000.00","13,600.00","14,000.00","13,600.00",2.30K,0.00%
15/10/2019,"13,700.00","13,700.00","13,700.00","13,700.00",0.90K,-2.14%
16/10/2019,"13,900.00","14,000.00","14,000.00","13,900.00",1.40K,1.46%
17/10/2019,"13,900.00","13,900.00","13,900.00","13,900.00",4.60K,0.00%
18/10/2019,"13,900.00","14,000.00","14,000.00","13,900.00",7.70K,0.00%
22/10/2019,"14,000.00","13,800.00","14,000.00","13,700.00",2.96K,0.72%
23/10/2019,"14,000.00","14,000.00","14,000.00","14,000.00",1.20K,0.00%
28/10/2019,"13,700.00","14,000.00","14,000.00","13,700.00",6.20K,-2.14%
29/10/2019,"13,700.00","14,000.00","14,000.00","13,700.00",0.55K,0.00%
30/10/2019,"13,800.00","13,800.00","13,800.00","13,800.00",0.64K,0.73%
31/10/2019,"13,900.00","13,800.00","13,900.00","13,600.00",1.50K,0.72%
1/11/2019,"13,500.00","13,700.00","13,700.00","13,500.00",3.10K,-2.88%
4/11/2019,"13,800.00","13,800.00","13,800.00","13,800.00",0.10K,2.22%
5/11/2019,"13,700.00","13,800.00","13,800.00","13,500.00",0.72K,-0.72%
6/11/2019,"13,500.00","13,500.00","13,500.00","13,500.00",2.60K,-1.46%
7/11/2019,"13,700.00","13,700.00","13,700.00","13,700.00",0.10K,1.48%
11/11/2019,"13,900.00","13,600.00","13,900.00","13,600.00",0.20K,1.46%
12/11/2019,"13,400.00","13,400.00","13,400.00","13,400.00",0.12K,-3.60%
13/11/2019,"13,600.00","13,400.00","13,600.00","13,400.00",0.50K,1.49%
14/11/2019,"13,400.00","13,800.00","13,800.00","13,400.00",0.25K,-1.47%
15/11/2019,"13,600.00","13,700.00","13,700.00","13,100.00",3.92K,1.49%
18/11/2019,"13,400.00","13,300.00","13,400.00","13,300.00",1.90K,-1.47%
19/11/2019,"13,500.00","13,200.00","13,500.00","13,200.00",7.50K,0.75%
20/11/2019,"13,400.00","13,400.00","13,400.00","13,400.00",2.20K,-0.74%
21/11/2019,"13,600.00","13,600.00","13,600.00","13,300.00",0.30K,1.49%
25/11/2019,"13,600.00","13,600.00","13,600.00","13,600.00",1.11K,0.00%
26/11/2019,"13,600.00","13,300.00","13,600.00","13,300.00",23.21K,0.00%
27/11/2019,"13,500.00","13,500.00","13,500.00","13,300.00",2.61K,-0.74%
28/11/2019,"13,400.00","13,800.00","13,800.00","13,400.00",1.05K,-0.74%
29/11/2019,"13,700.00","13,800.00","13,800.00","13,300.00",1.30K,2.24%
2/12/2019,"13,300.00","13,200.00","13,300.00","13,200.00",0.40K,-2.92%
3/12/2019,"13,000.00","13,200.00","13,400.00","13,000.00",2.92K,-2.26%
4/12/2019,"12,900.00","13,000.00","13,000.00","12,900.00",2.70K,-0.77%
5/12/2019,"12,800.00","12,900.00","12,900.00","12,800.00",7.10K,-0.78%
6/12/2019,"12,600.00","12,700.00","12,700.00","12,400.00",17.40K,-1.56%
9/12/2019,"12,600.00","13,600.00","13,600.00","11,400.00",483.84K,0.00%
10/12/2019,"11,400.00","13,200.00","13,600.00","11,400.00",419.10K,-9.52%
11/12/2019,"11,400.00","11,900.00","11,900.00","11,100.00",53.49K,0.00%
12/12/2019,"11,800.00","11,600.00","11,800.00","11,400.00",73.69K,3.51%
13/12/2019,"10,700.00","11,500.00","11,600.00","10,700.00",912.30K,-9.32%
16/12/2019,"11,200.00","11,000.00","11,500.00","11,000.00",118.81K,4.67%
17/12/2019,"10,900.00","11,200.00","11,400.00","10,800.00",50.56K,-2.68%
18/12/2019,"10,900.00","10,900.00","11,100.00","10,700.00",195.31K,0.00%
19/12/2019,"11,200.00","11,000.00","11,200.00","11,000.00",24.40K,2.75%
20/12/2019,"11,000.00","11,200.00","11,200.00","11,000.00",24.39K,-1.79%
23/12/2019,"10,700.00","10,800.00","10,900.00","10,700.00",71.60K,-2.73%
24/12/2019,"10,900.00","11,000.00","11,000.00","10,700.00",26.70K,1.87%
25/12/2019,"11,000.00","10,900.00","11,000.00","10,900.00",18.14K,0.92%
26/12/2019,"11,200.00","11,000.00","11,200.00","11,000.00",24.20K,1.82%
27/12/2019,"11,200.00","11,100.00","11,200.00","11,100.00",11.74K,0.00%
30/12/2019,"11,200.00","11,200.00","11,200.00","11,000.00",12.62K,0.00%
31/12/2019,"11,300.00","11,200.00","11,300.00","11,000.00",31.26K,0.89%
2/1/2020,"11,300.00","11,800.00","11,800.00","11,100.00",53.51K,0.00%
3/1/2020,"11,300.00","11,300.00","11,400.00","11,200.00",45.71K,0.00%
6/1/2020,"11,200.00","11,300.00","11,300.00","11,200.00",12.31K,-0.88%
7/1/2020,"11,200.00","11,200.00","11,200.00","11,200.00",27.90K,0.00%
8/1/2020,"10,700.00","11,200.00","11,200.00","10,600.00",82.50K,-4.46%
9/1/2020,"10,700.00","11,200.00","11,200.00","10,700.00",76.70K,0.00%
10/1/2020,"10,600.00","10,700.00","10,700.00","10,500.00",103.75K,-0.93%
13/01/2020,"10,600.00","10,600.00","10,700.00","10,600.00",91.84K,0.00%
14/01/2020,"10,600.00","10,600.00","10,600.00","10,500.00",21.95K,0.00%
15/01/2020,"10,600.00","10,600.00","10,600.00","10,400.00",81.46K,0.00%
16/01/2020,"10,800.00","10,600.00","11,600.00","10,200.00",316.00K,1.89%
17/01/2020,"11,000.00","10,800.00","11,100.00","10,800.00",25.00K,1.85%
20/01/2020,"11,500.00","11,000.00","11,500.00","11,000.00",51.51K,4.55%
21/01/2020,"11,500.00","11,500.00","11,500.00","11,300.00",36.70K,0.00%
22/01/2020,"11,800.00","11,600.00","11,900.00","11,500.00",17.40K,2.61%
30/01/2020,"11,800.00","11,800.00","11,900.00","11,500.00",53.40K,0.00%
31/01/2020,"11,400.00","12,500.00","12,500.00","11,400.00",52.91K,-3.39%
3/2/2020,"11,200.00","11,700.00","11,700.00","11,000.00",15.20K,-1.75%
4/2/2020,"11,900.00","11,500.00","12,000.00","11,200.00",91.45K,6.25%
5/2/2020,"11,800.00","11,600.00","11,800.00","11,200.00",394.80K,-0.84%
6/2/2020,"11,800.00","11,700.00","11,800.00","11,700.00",14.50K,0.00%
7/2/2020,"11,600.00","11,500.00","11,800.00","11,500.00",22.60K,-1.69%
10/2/2020,"11,600.00","11,700.00","11,700.00","11,400.00",35.71K,0.00%
11/2/2020,"11,700.00","11,300.00","11,700.00","11,300.00",3.80K,0.86%
12/2/2020,"11,700.00","11,700.00","11,800.00","11,500.00",31.10K,0.00%
13/02/2020,"11,700.00","11,600.00","11,700.00","11,600.00",12.31K,0.00%
14/02/2020,"11,600.00","11,700.00","11,700.00","11,600.00",13.40K,-0.85%
17/02/2020,"11,600.00","11,600.00","11,600.00","11,600.00",12.42K,0.00%
18/02/2020,"11,600.00","11,600.00","11,700.00","11,500.00",62.50K,0.00%
19/02/2020,"11,900.00","11,600.00","11,900.00","11,600.00",26.30K,2.59%
20/02/2020,"12,200.00","11,600.00","12,200.00","11,500.00",76.10K,2.52%
21/02/2020,"12,300.00","12,200.00","12,300.00","12,200.00",27.30K,0.82%
24/02/2020,"11,800.00","12,200.00","12,300.00","11,800.00",86.90K,-4.07%
25/02/2020,"12,000.00","11,800.00","12,100.00","11,800.00",28.00K,1.69%
26/02/2020,"12,300.00","12,300.00","12,500.00","12,000.00",50.20K,2.50%
27/02/2020,"12,400.00","12,600.00","12,600.00","12,300.00",12.20K,0.81%
28/02/2020,"12,300.00","11,900.00","12,400.00","11,900.00",5.80K,-0.81%
2/3/2020,"12,300.00","12,000.00","12,400.00","12,000.00",3.00K,0.00%
3/3/2020,"12,200.00","12,000.00","12,200.00","12,000.00",6.40K,-0.81%
4/3/2020,"12,200.00","11,900.00","12,200.00","11,900.00",5.62K,0.00%
5/3/2020,"12,100.00","12,100.00","12,300.00","12,100.00",24.63K,-0.82%
9/3/2020,"11,100.00","12,000.00","13,300.00","10,900.00",264.10K,-8.26%
10/3/2020,"12,000.00","12,100.00","12,100.00","11,900.00",21.21K,8.11%
11/3/2020,"11,700.00","12,000.00","12,000.00","11,600.00",32.88K,-2.50%
12/3/2020,"11,300.00","11,000.00","11,700.00","10,600.00",183.73K,-3.42%
13/03/2020,"11,300.00","10,500.00","11,500.00","10,500.00",53.67K,0.00%
16/03/2020,"11,000.00","11,000.00","11,200.00","10,900.00",62.90K,-2.65%
17/03/2020,"11,600.00","11,000.00","11,900.00","10,900.00",29.20K,5.45%
18/03/2020,"11,800.00","11,900.00","11,900.00","11,600.00",63.26K,1.72%
19/03/2020,"11,500.00","11,700.00","11,700.00","11,300.00",30.90K,-2.54%
20/03/2020,"11,500.00","11,800.00","11,800.00","11,400.00",33.20K,0.00%
23/03/2020,"10,900.00","11,900.00","11,900.00","10,600.00",201.80K,-5.22%
24/03/2020,"11,100.00","11,300.00","11,300.00","10,900.00",30.30K,1.83%
25/03/2020,"11,400.00","11,100.00","11,400.00","11,100.00",19.35K,2.70%
26/03/2020,"10,800.00","11,300.00","11,300.00","10,800.00",52.50K,-5.26%
27/03/2020,"11,100.00","10,600.00","11,200.00","10,500.00",98.92K,2.78%
30/03/2020,"10,900.00","11,000.00","11,000.00","10,800.00",69.20K,-1.80%
31/03/2020,"11,000.00","11,600.00","11,600.00","10,900.00",12.39K,0.92%
1/4/2020,"11,100.00","10,900.00","11,100.00","10,900.00",33.00K,0.91%
3/4/2020,"11,300.00","12,200.00","12,200.00","11,200.00",43.90K,1.80%
6/4/2020,"11,700.00","11,500.00","11,800.00","11,500.00",56.08K,3.54%
7/4/2020,"11,800.00","12,000.00","12,000.00","11,600.00",41.32K,0.85%
8/4/2020,"11,700.00","11,800.00","11,900.00","11,600.00",50.12K,-0.85%
9/4/2020,"12,100.00","11,900.00","12,100.00","11,900.00",84.88K,3.42%
10/4/2020,"12,300.00","12,900.00","13,000.00","12,000.00",14.09K,1.65%
13/04/2020,"12,800.00","12,800.00","13,000.00","12,400.00",49.98K,4.07%
14/04/2020,"12,800.00","12,800.00","12,900.00","12,700.00",28.74K,0.00%
15/04/2020,"13,000.00","12,700.00","13,100.00","12,700.00",292.08K,1.56%
16/04/2020,"13,000.00","13,000.00","13,100.00","12,600.00",169.86K,0.00%
17/04/2020,"14,300.00","13,000.00","14,300.00","13,000.00",832.11K,10.00%
20/04/2020,"15,700.00","15,700.00","15,700.00","14,800.00",1.09M,9.79%
21/04/2020,"15,500.00","16,500.00","16,800.00","15,300.00",856.18K,-1.27%
22/04/2020,"16,200.00","15,000.00","16,300.00","14,700.00",803.67K,4.52%
23/04/2020,"16,400.00","15,500.00","17,000.00","15,500.00",687.06K,1.23%
24/04/2020,"15,800.00","16,300.00","16,300.00","15,700.00",401.03K,-3.66%
27/04/2020,"15,900.00","15,800.00","16,400.00","15,500.00",314.48K,0.63%
28/04/2020,"15,500.00","16,000.00","16,000.00","15,400.00",293.01K,-2.52%
29/04/2020,"17,000.00","15,500.00","17,000.00","14,700.00",1.31M,9.68%
4/5/2020,"16,300.00","16,000.00","16,900.00","16,000.00",368.93K,-4.12%
5/5/2020,"16,300.00","16,000.00","16,300.00","15,900.00",260.61K,0.00%
6/5/2020,"16,100.00","16,200.00","16,300.00","15,800.00",627.00K,-1.23%
7/5/2020,"16,600.00","16,400.00","16,700.00","16,200.00",470.43K,3.11%
8/5/2020,"16,300.00","16,500.00","17,300.00","16,200.00",739.99K,-1.81%
11/5/2020,"16,200.00","16,500.00","16,500.00","16,100.00",231.53K,-0.61%
12/5/2020,"16,500.00","16,200.00","16,500.00","15,500.00",478.15K,1.85%
13/05/2020,"16,200.00","16,500.00","16,700.00","16,000.00",413.12K,-1.82%
14/05/2020,"16,300.00","16,200.00","17,400.00","16,000.00",732.88K,0.62%
15/05/2020,"16,500.00","16,300.00","16,800.00","16,300.00",384.12K,1.23%
18/05/2020,"17,500.00","16,500.00","17,500.00","16,400.00",727.13K,6.06%
19/05/2020,"17,500.00","17,800.00","18,300.00","17,100.00",787.23K,0.00%
20/05/2020,"17,700.00","17,500.00","18,000.00","17,200.00",484.00K,1.14%
21/05/2020,"17,200.00","17,300.00","17,800.00","17,200.00",362.54K,-2.82%
22/05/2020,"17,100.00","17,500.00","17,700.00","17,100.00",574.58K,-0.58%
25/05/2020,"17,400.00","17,500.00","17,500.00","16,900.00",632.17K,1.75%
26/05/2020,"17,200.00","17,400.00","17,400.00","17,000.00",337.06K,-1.15%
27/05/2020,"17,100.00","17,200.00","17,800.00","17,100.00",718.76K,-0.58%
28/05/2020,"16,800.00","17,100.00","17,300.00","16,800.00",371.29K,-1.75%
29/05/2020,"17,100.00","16,800.00","17,200.00","16,600.00",311.20K,1.79%
1/6/2020,"17,000.00","17,100.00","17,300.00","16,900.00",284.05K,-0.58%
2/6/2020,"16,400.00","17,000.00","17,000.00","16,400.00",569.11K,-3.53%
3/6/2020,"16,200.00","16,400.00","16,400.00","15,800.00",478.23K,-1.22%
4/6/2020,"16,800.00","16,400.00","17,100.00","16,400.00",337.93K,3.70%
5/6/2020,"16,700.00","16,800.00","16,900.00","16,500.00",156.22K,-0.60%
8/6/2020,"16,800.00","16,700.00","17,000.00","16,600.00",535.64K,0.60%
9/6/2020,"16,600.00","16,800.00","16,800.00","16,500.00",322.70K,-1.19%
10/6/2020,"16,600.00","16,600.00","16,700.00","16,300.00",250.64K,0.00%
11/6/2020,"15,500.00","16,600.00","16,600.00","15,500.00",341.56K,-6.63%
12/6/2020,"15,500.00","15,300.00","15,500.00","14,400.00",344.77K,0.00%
15/06/2020,"14,500.00","15,500.00","15,500.00","14,400.00",334.93K,-6.45%
16/06/2020,"15,200.00","14,500.00","15,400.00","14,500.00",66.18K,4.83%
17/06/2020,"15,200.00","15,300.00","15,600.00","15,200.00",66.18K,0.00%
18/06/2020,"15,100.00","15,100.00","15,200.00","14,900.00",85.93K,-0.66%
19/06/2020,"15,200.00","15,100.00","15,300.00","15,000.00",113.53K,0.66%
22/06/2020,"15,300.00","15,400.00","15,500.00","15,200.00",94.93K,0.66%
23/06/2020,"15,600.00","15,300.00","16,000.00","15,300.00",187.85K,1.96%
24/06/2020,"15,400.00","15,600.00","15,800.00","15,200.00",104.01K,-1.28%
25/06/2020,"15,200.00","15,200.00","15,400.00","14,800.00",115.82K,-1.30%
26/06/2020,"15,200.00","15,300.00","15,600.00","15,200.00",155.81K,0.00%
29/06/2020,"14,900.00","15,000.00","15,400.00","14,900.00",104.62K,-1.97%
30/06/2020,"14,900.00","15,000.00","15,300.00","14,700.00",110.28K,0.00%
1/7/2020,"15,200.00","14,900.00","15,200.00","14,600.00",70.90K,2.01%
2/7/2020,"15,300.00","15,400.00","15,400.00","15,100.00",99.15K,0.66%
3/7/2020,"16,400.00","15,400.00","16,500.00","15,400.00",468.81K,7.19%
6/7/2020,"16,600.00","16,500.00","16,800.00","16,300.00",230.84K,1.22%
7/7/2020,"16,200.00","16,600.00","16,800.00","16,200.00",213.37K,-2.41%
8/7/2020,"16,800.00","16,600.00","16,900.00","16,400.00",364.74K,3.70%
9/7/2020,"17,000.00","16,800.00","17,100.00","16,700.00",432.97K,1.19%
10/7/2020,"17,000.00","17,000.00","17,100.00","16,800.00",245.73K,0.00%
13/07/2020,"16,900.00","17,000.00","17,100.00","16,800.00",213.19K,-0.59%
14/07/2020,"16,900.00","16,900.00","17,000.00","16,700.00",182.69K,0.00%
15/07/2020,"15,700.00","15,900.00","16,800.00","15,500.00",165.34K,-7.10%
16/07/2020,"15,300.00","15,700.00","15,700.00","15,300.00",175.05K,-2.55%
17/07/2020,"15,800.00","15,200.00","15,900.00","15,200.00",311.79K,3.27%
20/07/2020,"15,700.00","15,800.00","15,800.00","15,600.00",203.38K,-0.63%
21/07/2020,"15,600.00","15,700.00","15,800.00","15,500.00",87.70K,-0.64%
22/07/2020,"15,300.00","15,500.00","15,700.00","15,300.00",171.06K,-1.92%
23/07/2020,"15,300.00","15,300.00","15,400.00","15,000.00",123.43K,0.00%
24/07/2020,"14,600.00","15,300.00","15,300.00","13,900.00",287.83K,-4.58%
27/07/2020,"13,700.00","14,400.00","14,400.00","13,200.00",456.71K,-6.16%
28/07/2020,"14,300.00","13,400.00","14,400.00","13,400.00",243.93K,4.38%
29/07/2020,"14,300.00","14,300.00","14,400.00","13,700.00",221.32K,0.00%
30/07/2020,"14,600.00","14,200.00","14,700.00","14,100.00",147.79K,2.10%
31/07/2020,"14,600.00","14,300.00","14,800.00","14,100.00",121.99K,0.00%
3/8/2020,"15,800.00","14,500.00","15,900.00","14,500.00",355.77K,8.22%
4/8/2020,"15,700.00","15,800.00","16,200.00","15,500.00",378.33K,-0.63%
5/8/2020,"16,600.00","15,700.00","16,700.00","15,600.00",811.20K,5.73%
6/8/2020,"17,000.00","16,500.00","17,500.00","16,400.00",796.97K,2.41%
7/8/2020,"17,300.00","17,000.00","17,400.00","17,000.00",625.84K,1.76%
10/8/2020,"17,400.00","17,400.00","17,800.00","17,400.00",469.14K,0.58%
11/8/2020,"17,000.00","17,400.00","17,400.00","16,900.00",583.17K,-2.30%
12/8/2020,"18,000.00","17,200.00","18,200.00","16,900.00",864.44K,5.88%
13/08/2020,"18,000.00","18,000.00","18,200.00","17,800.00",239.86K,0.00%
14/08/2020,"17,600.00","18,000.00","18,000.00","17,300.00",567.47K,-2.22%
17/08/2020,"18,900.00","17,600.00","18,900.00","17,300.00",831.98K,7.39%
18/08/2020,"18,700.00","18,900.00","19,400.00","18,600.00",376.27K,-1.06%
19/08/2020,"19,300.00","18,700.00","19,400.00","18,600.00",496.02K,3.21%
20/08/2020,"19,100.00","19,000.00","19,300.00","18,800.00",497.01K,-1.04%
21/08/2020,"19,400.00","19,100.00","19,800.00","19,000.00",431.60K,1.57%
24/08/2020,"20,400.00","19,700.00","20,500.00","19,700.00",714.12K,5.15%
25/08/2020,"21,100.00","20,400.00","21,700.00","20,100.00",765.11K,3.43%
26/08/2020,"20,900.00","21,100.00","21,700.00","20,700.00",686.86K,-0.95%
27/08/2020,"21,100.00","20,900.00","21,300.00","20,700.00",564.81K,0.96%
28/08/2020,"20,600.00","21,100.00","21,200.00","20,600.00",573.03K,-2.37%
31/08/2020,"20,400.00","20,600.00","20,700.00","19,600.00",746.12K,-0.97%
1/9/2020,"21,200.00","20,200.00","21,200.00","20,100.00",351.01K,3.92%
3/9/2020,"21,200.00","21,200.00","21,600.00","20,700.00",591.26K,0.00%
4/9/2020,"21,000.00","20,600.00","21,200.00","20,400.00",461.30K,-0.94%
7/9/2020,"20,500.00","21,000.00","21,000.00","20,400.00",505.34K,-2.38%
8/9/2020,"21,000.00","20,500.00","21,200.00","20,500.00",314.68K,2.44%
9/9/2020,"21,300.00","20,700.00","21,500.00","20,400.00",514.39K,1.43%
10/9/2020,"21,000.00","21,300.00","21,500.00","20,900.00",455.22K,-1.41%
11/9/2020,"21,200.00","21,000.00","21,200.00","20,600.00",196.48K,0.95%
14/09/2020,"23,100.00","21,200.00","23,300.00","21,200.00",1.68M,8.96%
15/09/2020,"22,700.00","23,100.00","23,100.00","22,700.00",462.25K,-1.73%
16/09/2020,"22,700.00","22,700.00","23,100.00","22,500.00",390.28K,0.00%
17/09/2020,"23,100.00","22,700.00","23,300.00","22,500.00",633.13K,1.76%
18/09/2020,"23,100.00","23,000.00","23,300.00","23,000.00",276.10K,0.00%
21/09/2020,"23,100.00","23,300.00","24,200.00","23,100.00",540.94K,0.00%
22/09/2020,"22,800.00","23,100.00","23,300.00","22,600.00",621.89K,-1.30%
23/09/2020,"22,800.00","22,800.00","23,000.00","22,700.00",299.31K,0.00%
24/09/2020,"22,700.00","22,800.00","22,900.00","22,500.00",303.72K,-0.44%
25/09/2020,"22,900.00","22,700.00","23,500.00","22,700.00",336.09K,0.88%
28/09/2020,"23,200.00","23,100.00","23,500.00","22,900.00",304.35K,1.31%
29/09/2020,"22,500.00","23,300.00","23,400.00","22,500.00",501.60K,-3.02%
30/09/2020,"22,700.00","22,000.00","22,900.00","22,000.00",465.05K,0.89%
1/10/2020,"23,200.00","22,900.00","23,400.00","22,800.00",461.89K,2.20%
2/10/2020,"23,300.00","23,300.00","23,800.00","22,400.00",687.25K,0.43%
5/10/2020,"23,400.00","23,300.00","23,600.00","23,200.00",402.50K,0.43%
6/10/2020,"23,200.00","23,500.00","23,800.00","23,200.00",425.12K,-0.85%
7/10/2020,"22,900.00","23,200.00","23,200.00","22,800.00",414.64K,-1.29%
8/10/2020,"22,400.00","22,900.00","23,000.00","22,200.00",674.10K,-2.18%
9/10/2020,"22,400.00","22,400.00","22,700.00","22,300.00",279.86K,0.00%
12/10/2020,"21,800.00","22,300.00","22,500.00","20,300.00",467.49K,-2.68%
13/10/2020,"21,100.00","21,700.00","21,700.00","20,800.00",807.72K,-3.21%
14/10/2020,"21,000.00","21,000.00","21,300.00","20,900.00",288.17K,-0.47%
15/10/2020,"20,300.00","21,000.00","21,100.00","20,200.00",584.83K,-3.33%
16/10/2020,"21,300.00","20,200.00","21,300.00","19,900.00",495.42K,4.93%
19/10/2020,"21,300.00","21,400.00","21,500.00","21,100.00",389.29K,0.00%
20/10/2020,"20,800.00","21,200.00","21,200.00","20,800.00",201.01K,-2.35%
21/10/2020,"20,800.00","20,900.00","21,000.00","20,600.00",317.10K,0.00%
22/10/2020,"20,800.00","20,800.00","20,800.00","20,400.00",170.41K,0.00%
23/10/2020,"21,200.00","20,900.00","21,400.00","20,800.00",341.14K,1.92%
26/10/2020,"20,800.00","21,200.00","21,200.00","20,700.00",245.54K,-1.89%
27/10/2020,"20,500.00","20,800.00","20,900.00","20,500.00",253.18K,-1.44%
28/10/2020,"20,800.00","20,500.00","21,700.00","20,100.00",554.53K,1.46%
29/10/2020,"21,200.00","20,500.00","21,500.00","20,500.00",291.66K,1.92%
30/10/2020,"21,300.00","21,300.00","21,600.00","21,100.00",176.34K,0.47%
2/11/2020,"21,100.00","21,400.00","21,400.00","20,900.00",185.94K,-0.94%
3/11/2020,"22,400.00","21,300.00","22,900.00","21,100.00",1.04M,6.16%
4/11/2020,"22,800.00","22,400.00","22,900.00","22,400.00",837.66K,1.79%
5/11/2020,"22,600.00","22,800.00","22,800.00","22,400.00",260.60K,-0.88%
6/11/2020,"23,600.00","22,600.00","23,900.00","22,300.00",892.04K,4.42%
9/11/2020,"24,000.00","24,000.00","24,500.00","23,500.00",711.46K,1.69%
10/11/2020,"24,500.00","24,200.00","25,000.00","23,700.00",986.01K,2.08%
11/11/2020,"24,500.00","24,800.00","25,200.00","24,000.00",576.00K,0.00%
12/11/2020,"24,100.00","24,700.00","24,700.00","23,900.00",404.18K,-1.63%
13/11/2020,"24,800.00","24,100.00","24,900.00","24,100.00",582.84K,2.90%
16/11/2020,"24,200.00","24,800.00","24,800.00","24,100.00",472.38K,-2.42%
17/11/2020,"25,800.00","24,400.00","26,100.00","24,100.00",925.34K,6.61%
18/11/2020,"25,900.00","26,000.00","26,200.00","25,400.00",374.04K,0.39%
19/11/2020,"26,000.00","25,900.00","26,500.00","25,600.00",379.35K,0.39%
20/11/2020,"26,100.00","26,000.00","26,300.00","25,800.00",454.81K,0.38%
23/11/2020,"25,800.00","26,100.00","26,100.00","25,600.00",337.89K,-1.15%
24/11/2020,"26,100.00","25,900.00","26,600.00","25,600.00",705.38K,1.16%
25/11/2020,"25,900.00","26,100.00","26,500.00","25,800.00",353.30K,-0.77%
26/11/2020,"25,500.00","25,900.00","26,100.00","25,400.00",431.01K,-1.54%
27/11/2020,"25,300.00","25,200.00","25,700.00","25,000.00",567.84K,-0.78%
30/11/2020,"24,700.00","25,600.00","25,600.00","24,600.00",656.50K,-2.37%
1/12/2020,"25,600.00","24,100.00","25,800.00","24,000.00",558.51K,3.64%
2/12/2020,"26,100.00","25,600.00","26,400.00","25,500.00",517.75K,1.95%
3/12/2020,"26,200.00","26,100.00","26,600.00","25,600.00",790.67K,0.38%
4/12/2020,"25,800.00","26,500.00","26,500.00","25,700.00",568.34K,-1.53%
7/12/2020,"27,100.00","26,000.00","27,300.00","25,800.00",1.07M,5.04%
8/12/2020,"26,900.00","27,000.00","27,300.00","26,600.00",384.02K,-0.74%
9/12/2020,"26,800.00","26,700.00","26,900.00","26,600.00",342.22K,-0.37%
10/12/2020,"26,200.00","26,900.00","27,100.00","26,100.00",867.35K,-2.24%
11/12/2020,"26,400.00","26,200.00","26,400.00","25,800.00",369.99K,0.76%
14/12/2020,"26,500.00","26,500.00","26,800.00","26,200.00",553.17K,0.38%
15/12/2020,"26,700.00","26,600.00","27,300.00","26,600.00",523.04K,0.75%
16/12/2020,"26,000.00","26,500.00","26,500.00","25,800.00",379.19K,-2.62%
17/12/2020,"25,300.00","26,300.00","26,400.00","25,000.00",489.48K,-2.69%
18/12/2020,"25,500.00","25,300.00","25,600.00","25,000.00",327.07K,0.79%
21/12/2020,"25,500.00","25,300.00","25,500.00","25,000.00",539.07K,0.00%
22/12/2020,"26,400.00","25,000.00","26,800.00","25,000.00",1.10M,3.53%
23/12/2020,"25,900.00","26,400.00","26,800.00","25,700.00",399.43K,-1.89%
24/12/2020,"25,800.00","25,900.00","26,200.00","25,200.00",460.94K,-0.39%
25/12/2020,"26,000.00","25,800.00","26,300.00","25,400.00",372.69K,0.78%
28/12/2020,"28,600.00","26,000.00","28,600.00","26,000.00",2.23M,10.00%
29/12/2020,"29,800.00","28,600.00","31,000.00","28,600.00",816.42K,4.20%
30/12/2020,"29,200.00","29,800.00","29,800.00","28,900.00",340.65K,-2.01%
31/12/2020,"29,000.00","29,200.00","29,200.00","28,400.00",488.82K,-0.68%
4/1/2021,"29,800.00","29,400.00","30,000.00","29,400.00",478.53K,2.76%
5/1/2021,"30,400.00","29,800.00","31,300.00","29,300.00",590.05K,2.01%
6/1/2021,"29,800.00","30,400.00","30,700.00","29,500.00",492.23K,-1.97%
7/1/2021,"29,500.00","29,800.00","29,800.00","29,200.00",527.91K,-1.01%
8/1/2021,"30,000.00","29,600.00","30,400.00","29,000.00",738.43K,1.69%
11/1/2021,"30,300.00","30,100.00","30,800.00","30,000.00",672.93K,1.00%
12/1/2021,"31,300.00","30,500.00","32,000.00","30,000.00",938.87K,3.30%
13/01/2021,"30,900.00","31,700.00","31,700.00","30,600.00",363.10K,-1.28%
14/01/2021,"30,600.00","30,900.00","30,900.00","29,900.00",384.75K,-0.97%
15/01/2021,"31,000.00","30,800.00","31,700.00","30,500.00",511.51K,1.31%
18/01/2021,"30,500.00","30,900.00","31,200.00","30,300.00",336.74K,-1.61%
19/01/2021,"27,700.00","30,300.00","30,800.00","27,500.00",988.80K,-9.18%
20/01/2021,"28,400.00","27,800.00","28,600.00","26,000.00",618.25K,2.53%
21/01/2021,"29,100.00","28,500.00","29,100.00","28,400.00",308.35K,2.46%
22/01/2021,"29,000.00","29,500.00","29,500.00","28,900.00",407.44K,-0.34%
25/01/2021,"28,400.00","29,000.00","29,000.00","28,000.00",331.22K,-2.07%
26/01/2021,"27,200.00","28,100.00","28,300.00","26,500.00",293.71K,-4.23%
27/01/2021,"24,500.00","27,200.00","27,200.00","24,500.00",685.98K,-9.93%
28/01/2021,"22,100.00","22,100.00","24,500.00","22,100.00",958.44K,-9.80%
29/01/2021,"23,900.00","19,900.00","24,300.00","19,900.00",515.44K,8.14%
1/2/2021,"22,400.00","23,900.00","24,200.00","22,200.00",315.98K,-6.28%
2/2/2021,"23,500.00","22,200.00","23,500.00","22,000.00",297.34K,4.91%
3/2/2021,"24,500.00","24,000.00","24,800.00","23,500.00",383.83K,4.26%
4/2/2021,"25,500.00","24,600.00","26,000.00","24,500.00",628.01K,4.08%
5/2/2021,"25,400.00","25,600.00","25,800.00","25,200.00",265.25K,-0.39%
8/2/2021,"24,200.00","25,400.00","25,400.00","23,000.00",347.22K,-4.72%
9/2/2021,"24,600.00","23,700.00","24,600.00","23,600.00",250.17K,1.65%
17/02/2021,"26,000.00","25,000.00","26,000.00","24,800.00",275.98K,5.69%
18/02/2021,"26,900.00","26,100.00","27,500.00","26,000.00",663.82K,3.46%
19/02/2021,"26,700.00","26,900.00","27,300.00","26,500.00",263.53K,-0.74%
22/02/2021,"26,900.00","26,700.00","27,000.00","26,500.00",303.16K,0.75%
23/02/2021,"27,600.00","27,000.00","27,900.00","27,000.00",457.99K,2.60%
24/02/2021,"27,300.00","27,700.00","28,000.00","26,800.00",363.82K,-1.09%
25/02/2021,"27,000.00","27,400.00","27,800.00","26,600.00",281.62K,-1.10%
26/02/2021,"27,100.00","26,800.00","27,200.00","26,500.00",334.22K,0.37%
1/3/2021,"27,600.00","27,200.00","27,700.00","26,500.00",384.46K,1.85%
2/3/2021,"29,300.00","27,700.00","29,500.00","27,500.00",1.07M,6.16%
3/3/2021,"29,300.00","29,300.00","29,300.00","28,800.00",293.70K,0.00%
4/3/2021,"30,700.00","29,300.00","30,700.00","27,400.00",800.77K,4.78%
5/3/2021,"29,900.00","31,400.00","31,500.00","29,500.00",600.55K,-2.61%
8/3/2021,"29,600.00","30,000.00","30,800.00","29,100.00",429.67K,-1.00%
9/3/2021,"29,000.00","29,500.00","29,600.00","28,500.00",488.41K,-2.03%
10/3/2021,"29,000.00","28,800.00","29,000.00","27,000.00",270.47K,0.00%
11/3/2021,"29,300.00","29,100.00","29,600.00","28,600.00",288.29K,1.03%
12/3/2021,"30,200.00","29,300.00","30,700.00","29,300.00",1.05M,3.07%
15/03/2021,"30,600.00","30,100.00","31,000.00","30,100.00",657.03K,1.32%
16/03/2021,"30,000.00","30,600.00","30,700.00","29,700.00",334.64K,-1.96%
17/03/2021,"30,200.00","30,000.00","30,300.00","29,400.00",306.45K,0.67%
18/03/2021,"30,300.00","30,300.00","30,700.00","30,000.00",348.04K,0.33%
19/03/2021,"29,800.00","30,300.00","30,300.00","29,500.00",381.63K,-1.65%
22/03/2021,"29,500.00","29,800.00","29,900.00","27,900.00",287.14K,-1.01%
23/03/2021,"29,300.00","29,500.00","29,900.00","29,200.00",309.13K,-0.68%
24/03/2021,"28,500.00","29,000.00","29,000.00","27,500.00",695.33K,-2.73%
25/03/2021,"27,600.00","28,300.00","28,900.00","27,500.00",354.97K,-3.16%
26/03/2021,"24,617.00","24,440.00","24,882.00","22,403.00",730.48K,-10.81%
29/03/2021,"24,705.00","24,617.00","24,882.00","24,528.00",215.41K,0.36%
30/03/2021,"24,794.00","24,705.00","24,794.00","24,351.00",213.61K,0.36%
31/03/2021,"24,705.00","24,705.00","24,794.00","24,351.00",223.92K,-0.36%
1/4/2021,"25,414.00","24,705.00","25,591.00","24,617.00",323.00K,2.87%
2/4/2021,"25,679.00","25,679.00","26,299.00","25,414.00",278.31K,1.04%
5/4/2021,"25,591.00","25,768.00","26,034.00","24,971.00",140.00K,-0.34%
6/4/2021,"25,502.00","25,059.00","25,502.00","24,882.00",443.48K,-0.35%
7/4/2021,"25,414.00","25,591.00","25,679.00","24,971.00",203.98K,-0.35%
8/4/2021,"25,237.00","25,414.00","25,414.00","25,059.00",141.61K,-0.70%
9/4/2021,"25,059.00","25,059.00","25,237.00","24,882.00",160.00K,-0.71%
12/4/2021,"24,705.00","25,059.00","25,059.00","24,705.00",311.83K,-1.41%
13/04/2021,"24,085.00","24,705.00","24,794.00","23,997.00",469.40K,-2.51%
14/04/2021,"24,174.00","24,085.00","24,528.00","23,554.00",138.92K,0.37%
15/04/2021,"23,820.00","24,617.00","24,794.00","23,731.00",225.65K,-1.46%
16/04/2021,"23,111.00","23,997.00","23,997.00","22,580.00",367.26K,-2.98%
19/04/2021,"23,554.00","23,111.00","23,554.00","23,111.00",274.86K,1.92%
20/04/2021,"23,643.00","23,820.00","24,174.00","23,466.00",303.78K,0.38%
22/04/2021,"21,783.00","23,643.00","23,643.00","21,783.00",334.90K,-7.87%
23/04/2021,"22,049.00","21,783.00","22,049.00","20,366.00",222.78K,1.22%
26/04/2021,"21,429.00","22,137.00","22,403.00","21,429.00",165.37K,-2.81%
27/04/2021,"20,986.00","21,252.00","21,429.00","20,809.00",134.76K,-2.07%
28/04/2021,"21,872.00","20,986.00","22,137.00","20,986.00",165.58K,4.22%
29/04/2021,"21,960.00","22,580.00","22,580.00","21,960.00",138.05K,0.40%
4/5/2021,"21,695.00","22,049.00","22,049.00","21,252.00",117.90K,-1.21%
5/5/2021,"22,403.00","22,049.00","22,580.00","21,695.00",226.21K,3.26%
6/5/2021,"21,960.00","22,934.00","23,288.00","21,872.00",147.99K,-1.98%
7/5/2021,"21,429.00","21,960.00","22,049.00","21,252.00",207.20K,-2.42%
10/5/2021,"21,783.00","20,809.00","22,314.00","20,809.00",253.29K,1.65%
11/5/2021,"21,783.00","22,403.00","22,403.00","21,340.00",255.15K,0.00%
12/5/2021,"22,314.00","21,695.00","22,403.00","21,695.00",160.60K,2.44%
13/05/2021,"22,492.00","22,492.00","23,200.00","22,403.00",306.70K,0.80%
14/05/2021,"22,226.00","22,580.00","22,669.00","22,226.00",166.44K,-1.18%
17/05/2021,"21,695.00","22,492.00","22,492.00","21,606.00",152.28K,-2.39%
18/05/2021,"21,518.00","21,695.00","21,783.00","21,252.00",159.30K,-0.82%
19/05/2021,"20,986.00","21,252.00","21,429.00","20,986.00",169.93K,-2.47%
20/05/2021,"21,606.00","20,986.00","22,314.00","20,986.00",300.75K,2.95%
21/05/2021,"21,872.00","21,606.00","22,492.00","21,252.00",309.13K,1.23%
24/05/2021,"23,377.00","21,872.00","23,554.00","21,695.00",486.10K,6.88%
25/05/2021,"23,023.00","23,377.00","23,466.00","22,669.00",227.52K,-1.51%
26/05/2021,"22,403.00","23,023.00","23,023.00","22,049.00",260.10K,-2.69%
27/05/2021,"22,049.00","22,314.00","22,492.00","21,695.00",333.55K,-1.58%
28/05/2021,"22,580.00","22,049.00","22,934.00","21,960.00",245.82K,2.41%
31/05/2021,"23,288.00","22,580.00","23,554.00","22,226.00",566.81K,3.14%
1/6/2021,"24,191.00","23,469.00","24,281.00","23,469.00",497.87K,3.88%
2/6/2021,"25,004.00","24,372.00","25,365.00","24,372.00",754.77K,3.36%
3/6/2021,"24,823.00","25,004.00","25,455.00","24,101.00",576.08K,-0.72%
4/6/2021,"25,635.00","24,823.00","25,816.00","24,101.00",648.67K,3.27%
7/6/2021,"25,274.00","25,726.00","26,719.00","24,372.00",688.73K,-1.41%
8/6/2021,"24,011.00","25,004.00","25,274.00","23,920.00",527.02K,-5.00%
9/6/2021,"23,469.00","23,830.00","24,372.00","23,018.00",345.22K,-2.26%
10/6/2021,"23,288.00","23,469.00","23,469.00","23,018.00",291.58K,-0.77%
11/6/2021,"23,830.00","23,288.00","23,830.00","23,198.00",211.42K,2.33%
14/06/2021,"23,830.00","24,733.00","25,274.00","23,740.00",261.41K,0.00%
15/06/2021,"23,740.00","23,920.00","24,372.00","23,740.00",287.97K,-0.38%
16/06/2021,"24,191.00","23,830.00","24,642.00","23,830.00",467.20K,1.90%
17/06/2021,"25,274.00","24,101.00","25,274.00","23,920.00",736.71K,4.48%
18/06/2021,"25,004.00","25,274.00","25,726.00","25,004.00",510.47K,-1.07%
21/06/2021,"25,996.00","25,004.00","26,358.00","25,004.00",1.17M,3.97%
22/06/2021,"25,635.00","26,087.00","26,719.00","25,635.00",850.05K,-1.39%
23/06/2021,"25,004.00","25,635.00","25,635.00","24,823.00",349.60K,-2.46%
24/06/2021,"24,281.00","25,004.00","25,184.00","24,191.00",531.97K,-2.89%
25/06/2021,"24,552.00","24,191.00","24,552.00","23,830.00",552.42K,1.12%
28/06/2021,"24,552.00","24,552.00","25,094.00","24,372.00",215.95K,0.00%
29/06/2021,"24,101.00","24,552.00","24,552.00","24,011.00",258.91K,-1.84%
30/06/2021,"23,830.00","24,101.00","24,281.00","23,650.00",401.83K,-1.12%
1/7/2021,"23,920.00","23,740.00","24,101.00","23,469.00",326.62K,0.38%
2/7/2021,"24,011.00","24,011.00","24,462.00","23,830.00",188.82K,0.38%
5/7/2021,"23,740.00","24,101.00","24,372.00","23,469.00",386.68K,-1.13%
6/7/2021,"21,664.00","23,740.00","24,191.00","21,664.00",360.93K,-8.74%
7/7/2021,"22,927.00","21,754.00","23,469.00","21,754.00",520.76K,5.83%
8/7/2021,"22,927.00","23,018.00","23,469.00","22,747.00",173.12K,0.00%
9/7/2021,"22,476.00","22,747.00","23,018.00","22,386.00",181.12K,-1.97%
12/7/2021,"21,393.00","22,476.00","22,476.00","20,851.00",438.08K,-4.82%
13/07/2021,"22,025.00","21,483.00","22,205.00","21,393.00",117.95K,2.95%
14/07/2021,"21,844.00","21,844.00","22,025.00","21,573.00",78.94K,-0.82%
15/07/2021,"22,476.00","21,844.00","22,476.00","21,573.00",184.30K,2.89%
16/07/2021,"22,657.00","22,566.00","23,288.00","22,476.00",227.99K,0.81%
19/07/2021,"21,573.00","22,115.00","22,205.00","21,573.00",168.30K,-4.78%
20/07/2021,"23,198.00","21,212.00","23,198.00","20,942.00",159.30K,7.53%
21/07/2021,"22,386.00","23,198.00","23,198.00","22,115.00",100.03K,-3.50%
22/07/2021,"22,566.00","22,296.00","22,837.00","22,115.00",230.31K,0.80%
23/07/2021,"22,205.00","22,566.00","22,837.00","22,205.00",114.10K,-1.60%
26/07/2021,"22,566.00","22,115.00","22,566.00","22,025.00",196.31K,1.63%
27/07/2021,"23,108.00","22,927.00","23,198.00","22,747.00",282.19K,2.40%
28/07/2021,"24,011.00","23,018.00","24,642.00","22,837.00",535.32K,3.91%
29/07/2021,"24,372.00","24,191.00","24,642.00","24,011.00",365.01K,1.50%
30/07/2021,"25,274.00","24,281.00","25,455.00","24,101.00",1.70M,3.70%
2/8/2021,"25,274.00","25,365.00","25,726.00","24,823.00",787.70K,0.00%
3/8/2021,"27,802.00","25,365.00","27,802.00","25,274.00",2.31M,10.00%
4/8/2021,"27,531.00","27,802.00","28,795.00","27,531.00",1.08M,-0.97%
5/8/2021,"28,524.00","27,350.00","28,885.00","27,080.00",808.17K,3.61%
6/8/2021,"27,711.00","28,524.00","29,065.00","27,711.00",1.31M,-2.85%
9/8/2021,"30,239.00","27,802.00","30,239.00","27,350.00",1.91M,9.12%
10/8/2021,"30,690.00","33,218.00","33,218.00","30,149.00",952.87K,1.49%
11/8/2021,"30,510.00","30,239.00","31,142.00","30,239.00",860.04K,-0.59%
12/8/2021,"32,044.00","30,239.00","33,127.00","30,239.00",1.68M,5.03%
13/08/2021,"32,676.00","31,593.00","32,676.00","30,510.00",1.51M,1.97%
16/08/2021,"32,676.00","32,676.00","33,579.00","32,315.00",1.11M,0.00%
17/08/2021,"31,593.00","32,676.00","32,676.00","30,690.00",928.38K,-3.31%
18/08/2021,"32,225.00","31,412.00","32,857.00","31,322.00",639.39K,2.00%
19/08/2021,"33,398.00","32,225.00","33,940.00","31,954.00",1.06M,3.64%
20/08/2021,"31,593.00","33,308.00","33,308.00","30,690.00",1.19M,-5.40%
23/08/2021,"31,142.00","31,593.00","32,405.00","31,142.00",899.73K,-1.43%
24/08/2021,"29,427.00","31,232.00","31,773.00","28,795.00",1.52M,-5.51%
25/08/2021,"29,788.00","30,329.00","30,329.00","28,704.00",794.71K,1.23%
26/08/2021,"31,051.00","29,878.00","32,044.00","29,878.00",768.84K,4.24%
27/08/2021,"34,120.00","30,871.00","34,120.00","30,600.00",2.47M,9.88%
30/08/2021,"35,204.00","35,113.00","36,919.00","34,572.00",1.49M,3.18%
31/08/2021,"35,023.00","35,204.00","35,835.00","34,752.00",913.51K,-0.51%
1/9/2021,"36,557.00","34,933.00","36,828.00","34,572.00",1.40M,4.38%
6/9/2021,"35,745.00","36,557.00","36,828.00","35,655.00",996.83K,-2.22%
7/9/2021,"35,474.00","34,842.00","37,009.00","33,850.00",1.10M,-0.76%
8/9/2021,"35,655.00","35,474.00","36,467.00","35,204.00",742.02K,0.51%
9/9/2021,"36,919.00","36,106.00","37,550.00","35,655.00",952.83K,3.55%
10/9/2021,"36,287.00","37,009.00","37,009.00","36,106.00",548.16K,-1.71%
13/09/2021,"35,204.00","36,287.00","36,377.00","35,113.00",860.02K,-2.98%
14/09/2021,"34,662.00","35,204.00","35,926.00","34,301.00",805.35K,-1.54%
15/09/2021,"36,738.00","34,752.00","37,009.00","34,662.00",1.16M,5.99%
16/09/2021,"37,821.00","36,738.00","38,543.00","36,467.00",1.24M,2.95%
17/09/2021,"37,550.00","37,821.00","38,182.00","37,550.00",642.93K,-0.72%
20/09/2021,"35,745.00","37,550.00","37,550.00","35,204.00",1.44M,-4.81%
21/09/2021,"36,106.00","35,655.00","36,557.00","34,662.00",1.15M,1.01%
22/09/2021,"36,738.00","35,926.00","37,460.00","35,294.00",711.08K,1.75%
23/09/2021,"36,377.00","36,738.00","37,370.00","35,655.00",642.48K,-0.98%
24/09/2021,"35,023.00","36,287.00","36,377.00","35,023.00",663.08K,-3.72%
27/09/2021,"32,225.00","35,113.00","35,384.00","32,225.00",1.13M,-7.99%
28/09/2021,"34,301.00","31,593.00","34,301.00","30,600.00",774.78K,6.44%
29/09/2021,"36,106.00","34,391.00","36,557.00","34,301.00",1.06M,5.26%
30/09/2021,"35,745.00","36,377.00","36,377.00","35,565.00",390.07K,-1.00%
1/10/2021,"35,474.00","35,565.00","36,377.00","35,113.00",697.86K,-0.76%
4/10/2021,"37,731.00","35,474.00","38,995.00","35,204.00",1.72M,6.36%
5/10/2021,"37,280.00","37,731.00","38,363.00","37,009.00",537.90K,-1.20%
6/10/2021,"38,634.00","37,280.00","38,814.00","37,009.00",1.08M,3.63%
7/10/2021,"38,453.00","38,634.00","38,995.00","37,911.00",738.79K,-0.47%
8/10/2021,"37,911.00","38,453.00","38,995.00","37,911.00",445.55K,-1.41%
11/10/2021,"37,009.00","38,002.00","38,273.00","37,009.00",1.10M,-2.38%
12/10/2021,"37,009.00","37,189.00","37,821.00","36,738.00",801.75K,0.00%
13/10/2021,"36,648.00","37,821.00","37,821.00","36,648.00",493.40K,-0.98%
14/10/2021,"37,009.00","37,009.00","38,002.00","36,738.00",712.03K,0.99%
15/10/2021,"36,738.00","37,731.00","37,731.00","36,648.00",653.66K,-0.73%
18/10/2021,"36,738.00","36,828.00","37,460.00","36,648.00",574.90K,0.00%
19/10/2021,"36,557.00","36,738.00","37,280.00","36,557.00",424.65K,-0.49%
20/10/2021,"35,926.00","36,557.00","36,919.00","35,023.00",660.31K,-1.73%
21/10/2021,"36,828.00","35,926.00","36,828.00","35,655.00",496.83K,2.51%
22/10/2021,"38,002.00","36,828.00","38,363.00","36,738.00",1.31M,3.19%
25/10/2021,"38,182.00","38,002.00","39,265.00","37,911.00",1.02M,0.47%
26/10/2021,"37,911.00","38,182.00","38,182.00","37,189.00",421.93K,-0.71%
27/10/2021,"40,800.00","38,092.00","40,800.00","38,092.00",2.00M,7.62%
28/10/2021,"40,619.00","40,800.00","41,522.00","40,078.00",484.09K,-0.44%
29/10/2021,"41,342.00","40,349.00","42,425.00","39,897.00",748.71K,1.78%
1/11/2021,"39,988.00","41,071.00","41,071.00","39,175.00",1.68M,-3.28%
2/11/2021,"40,619.00","39,807.00","41,342.00","39,536.00",687.23K,1.58%
3/11/2021,"38,273.00","40,890.00","40,890.00","38,273.00",1.20M,-5.78%
4/11/2021,"38,453.00","37,009.00","38,995.00","37,009.00",625.15K,0.47%
5/11/2021,"38,453.00","38,814.00","39,265.00","38,092.00",430.14K,0.00%
8/11/2021,"38,995.00","38,453.00","39,356.00","38,002.00",792.06K,1.41%
9/11/2021,"38,543.00","38,814.00","38,995.00","38,363.00",535.65K,-1.16%
10/11/2021,"39,807.00","38,543.00","40,529.00","38,363.00",803.57K,3.28%
11/11/2021,"39,265.00","39,807.00","40,529.00","38,814.00",565.78K,-1.36%
12/11/2021,"39,897.00","39,265.00","40,529.00","38,995.00",976.94K,1.61%
15/11/2021,"42,425.00","39,897.00","42,876.00","39,446.00",2.34M,6.34%
16/11/2021,"41,703.00","42,425.00","42,696.00","40,619.00",603.63K,-1.70%
17/11/2021,"42,244.00","41,703.00","43,237.00","40,890.00",966.02K,1.30%
18/11/2021,"41,612.00","42,334.00","42,425.00","41,342.00",715.95K,-1.50%
19/11/2021,"38,814.00","41,612.00","42,244.00","38,363.00",1.20M,-6.72%
22/11/2021,"35,204.00","38,543.00","38,814.00","35,204.00",1.19M,-9.30%
23/11/2021,"36,106.00","35,474.00","37,009.00","34,301.00",382.71K,2.56%
24/11/2021,"36,648.00","36,557.00","37,821.00","36,467.00",430.50K,1.50%
25/11/2021,"37,189.00","36,648.00","37,460.00","36,287.00",380.55K,1.48%
26/11/2021,"38,092.00","37,009.00","38,724.00","36,648.00",604.45K,2.43%
29/11/2021,"38,453.00","37,911.00","39,265.00","37,189.00",503.64K,0.95%
30/11/2021,"38,453.00","38,092.00","39,265.00","38,092.00",495.93K,0.00%
1/12/2021,"38,363.00","38,363.00","38,453.00","37,641.00",313.63K,-0.23%
2/12/2021,"38,453.00","38,363.00","39,085.00","37,911.00",371.21K,0.23%
3/12/2021,"36,648.00","38,273.00","38,724.00","36,106.00",620.83K,-4.69%
6/12/2021,"35,655.00","36,648.00","39,717.00","35,655.00",420.80K,-2.71%
7/12/2021,"36,648.00","37,009.00","37,009.00","35,926.00",258.91K,2.79%
8/12/2021,"37,009.00","36,828.00","37,641.00","36,648.00",245.81K,0.99%
9/12/2021,"37,911.00","37,009.00","38,182.00","36,106.00",291.59K,2.44%
10/12/2021,"38,273.00","38,092.00","38,814.00","37,641.00",270.11K,0.95%
13/12/2021,"40,258.00","38,273.00","40,619.00","38,273.00",1.38M,5.19%
14/12/2021,"39,717.00","40,258.00","40,258.00","39,265.00",429.16K,-1.34%
15/12/2021,"38,995.00","39,717.00","40,168.00","38,634.00",413.91K,-1.82%
16/12/2021,"38,543.00","38,724.00","39,175.00","38,002.00",486.97K,-1.16%
17/12/2021,"37,460.00","38,543.00","38,995.00","37,460.00",654.40K,-2.81%
20/12/2021,"37,009.00","39,175.00","39,175.00","36,828.00",400.50K,-1.20%
21/12/2021,"37,731.00","37,099.00","38,273.00","36,648.00",399.87K,1.95%
22/12/2021,"37,009.00","37,731.00","38,363.00","36,828.00",366.60K,-1.91%
23/12/2021,"36,287.00","37,280.00","37,460.00","35,655.00",483.59K,-1.95%
24/12/2021,"36,196.00","36,287.00","36,919.00","36,106.00",415.03K,-0.25%
27/12/2021,"37,370.00","36,287.00","37,460.00","36,106.00",262.77K,3.24%
28/12/2021,"37,821.00","37,460.00","38,814.00","36,738.00",522.89K,1.21%
29/12/2021,"37,460.00","38,273.00","38,273.00","37,009.00",286.44K,-0.95%
30/12/2021,"38,092.00","37,460.00","38,453.00","37,460.00",300.60K,1.69%
31/12/2021,"37,370.00","38,092.00","38,634.00","37,189.00",230.14K,-1.90%
4/1/2022,"40,168.00","37,911.00","40,619.00","37,731.00",1.63M,7.49%
5/1/2022,"40,349.00","40,168.00","41,522.00","39,988.00",789.60K,0.45%
6/1/2022,"39,265.00","40,168.00","40,168.00","39,175.00",584.48K,-2.69%
7/1/2022,"40,349.00","39,265.00","40,800.00","38,453.00",1.19M,2.76%
10/1/2022,"43,327.00","40,619.00","44,320.00","40,349.00",2.28M,7.38%
11/1/2022,"45,855.00","44,230.00","47,389.00","43,147.00",1.37M,5.83%
12/1/2022,"45,133.00","45,855.00","47,841.00","43,237.00",1.41M,-1.57%
13/01/2022,"40,619.00","45,133.00","46,035.00","40,619.00",1.40M,-10.00%
14/01/2022,"44,681.00","40,619.00","44,681.00","39,356.00",1.06M,10.00%
17/01/2022,"40,619.00","44,862.00","47,389.00","40,619.00",1.31M,-9.09%
18/01/2022,"41,973.00","40,619.00","42,876.00","40,439.00",884.94K,3.33%
19/01/2022,"44,140.00","41,973.00","44,411.00","41,071.00",564.56K,5.16%
20/01/2022,"44,501.00","44,952.00","46,035.00","42,876.00",633.93K,0.82%
21/01/2022,"44,862.00","44,411.00","46,306.00","43,327.00",792.32K,0.81%
24/01/2022,"42,064.00","44,952.00","45,313.00","42,064.00",1.12M,-6.24%
25/01/2022,"43,147.00","41,973.00","43,327.00","41,522.00",430.11K,2.57%
26/01/2022,"40,890.00","43,147.00","44,140.00","40,710.00",672.91K,-5.23%
27/01/2022,"36,828.00","40,890.00","41,161.00","36,828.00",2.52M,-9.93%
28/01/2022,"36,377.00","36,828.00","37,641.00","34,301.00",811.50K,-1.22%
7/2/2022,"37,911.00","36,557.00","38,363.00","36,377.00",380.24K,4.22%
8/2/2022,"37,460.00","37,911.00","37,911.00","36,919.00",500.81K,-1.19%
9/2/2022,"38,363.00","37,460.00","38,904.00","37,460.00",574.66K,2.41%
10/2/2022,"38,363.00","38,634.00","39,175.00","38,182.00",371.27K,0.00%
11/2/2022,"38,814.00","38,363.00","38,814.00","37,731.00",507.60K,1.18%
14/02/2022,"38,092.00","38,814.00","39,717.00","37,731.00",545.10K,-1.86%
15/02/2022,"38,182.00","38,092.00","38,634.00","37,731.00",229.11K,0.24%
16/02/2022,"39,265.00","38,182.00","39,265.00","37,821.00",567.75K,2.84%
17/02/2022,"39,717.00","38,814.00","40,168.00","38,814.00",522.04K,1.15%
18/02/2022,"40,258.00","39,717.00","40,258.00","39,265.00",483.81K,1.36%
21/02/2022,"40,890.00","40,258.00","41,251.00","39,807.00",614.74K,1.57%
22/02/2022,"40,168.00","40,890.00","40,890.00","38,995.00",664.54K,-1.77%
23/02/2022,"40,890.00","40,168.00","41,251.00","39,897.00",601.96K,1.80%
24/02/2022,"40,619.00","41,071.00","41,703.00","39,536.00",875.60K,-0.66%
25/02/2022,"40,439.00","40,619.00","41,161.00","40,258.00",526.34K,-0.44%
28/02/2022,"42,064.00","40,439.00","42,696.00","39,717.00",849.52K,4.02%
1/3/2022,"42,154.00","42,154.00","42,425.00","41,161.00",399.60K,0.21%
2/3/2022,"42,244.00","42,154.00","42,876.00","41,522.00",749.36K,0.21%
3/3/2022,"43,327.00","42,154.00","43,508.00","41,793.00",860.52K,2.56%
4/3/2022,"42,966.00","43,327.00","43,869.00","42,966.00",524.03K,-0.83%
7/3/2022,"43,959.00","42,966.00","44,501.00","42,425.00",858.61K,2.31%
8/3/2022,"41,161.00","43,959.00","43,959.00","41,161.00",781.97K,-6.37%
9/3/2022,"41,612.00","41,161.00","42,064.00","40,439.00",699.84K,1.10%
10/3/2022,"41,342.00","41,071.00","41,973.00","39,265.00",475.17K,-0.65%
11/3/2022,"42,425.00","41,071.00","43,057.00","40,619.00",1.08M,2.62%
14/03/2022,"41,251.00","42,425.00","43,327.00","41,251.00",528.67K,-2.77%
15/03/2022,"41,883.00","40,800.00","42,966.00","40,619.00",679.53K,1.53%
16/03/2022,"41,883.00","41,883.00","42,515.00","41,522.00",270.01K,0.00%
17/03/2022,"41,612.00","41,883.00","42,876.00","41,432.00",439.05K,-0.65%
18/03/2022,"41,973.00","41,793.00","42,786.00","41,612.00",677.18K,0.87%
21/03/2022,"43,779.00","41,973.00","44,952.00","41,973.00",1.73M,4.30%
22/03/2022,"43,779.00","43,688.00","43,869.00","43,147.00",429.05K,0.00%
23/03/2022,"43,869.00","43,779.00","44,862.00","43,147.00",734.99K,0.21%
24/03/2022,"43,869.00","43,779.00","44,411.00","43,147.00",620.25K,0.00%
25/03/2022,"44,952.00","43,779.00","45,584.00","43,779.00",1.16M,2.47%
28/03/2022,"45,133.00","45,133.00","45,404.00","43,779.00",664.30K,0.40%
29/03/2022,"46,216.00","45,133.00","46,757.00","44,952.00",1.09M,2.40%
30/03/2022,"45,133.00","46,216.00","46,667.00","41,973.00",1.03M,-2.34%
31/03/2022,"43,508.00","45,133.00","45,494.00","43,508.00",470.42K,-3.60%
1/4/2022,"42,154.00","43,508.00","43,508.00","42,154.00",992.47K,-3.11%
4/4/2022,"42,696.00","42,515.00","43,147.00","42,154.00",361.90K,1.29%
5/4/2022,"44,230.00","43,688.00","44,230.00","42,605.00",428.10K,3.59%
6/4/2022,"44,411.00","44,230.00","44,862.00","43,327.00",598.75K,0.41%
7/4/2022,"43,688.00","44,411.00","45,042.00","43,237.00",492.51K,-1.63%
8/4/2022,"42,154.00","43,237.00","44,050.00","41,973.00",489.13K,-3.51%
12/4/2022,"38,814.00","42,154.00","42,696.00","38,814.00",444.12K,-7.92%
13/04/2022,"40,168.00","37,911.00","40,168.00","37,460.00",479.39K,3.49%
14/04/2022,"40,619.00","40,439.00","40,619.00","39,807.00",287.21K,1.12%
15/04/2022,"39,627.00","40,168.00","41,071.00","39,536.00",419.43K,-2.44%
18/04/2022,"35,835.00","39,356.00","39,536.00","35,745.00",744.56K,-9.57%
19/04/2022,"33,037.00","35,835.00","36,919.00","32,496.00",476.68K,-7.81%
20/04/2022,"30,781.00","33,037.00","33,398.00","30,781.00",533.10K,-6.83%
21/04/2022,"31,051.00","30,781.00","31,142.00","28,434.00",499.92K,0.88%
22/04/2022,"31,051.00","31,142.00","32,044.00","29,968.00",357.91K,0.00%
25/04/2022,"27,982.00","31,051.00","31,412.00","27,982.00",482.92K,-9.88%
26/04/2022,"28,073.00","27,892.00","28,073.00","25,274.00",328.41K,0.33%
27/04/2022,"30,239.00","28,434.00","30,239.00","27,982.00",192.70K,7.72%
28/04/2022,"30,329.00","30,149.00","30,871.00","29,788.00",285.11K,0.30%
29/04/2022,"30,690.00","30,239.00","30,871.00","30,239.00",295.13K,1.19%
4/5/2022,"32,676.00","30,690.00","33,127.00","30,690.00",456.62K,6.47%
5/5/2022,"32,496.00","32,676.00","33,218.00","30,781.00",290.70K,-0.55%
6/5/2022,"30,690.00","32,315.00","32,315.00","30,690.00",219.24K,-5.56%
9/5/2022,"27,621.00","29,788.00","30,510.00","27,621.00",538.91K,-10.00%
10/5/2022,"28,885.00","25,726.00","28,885.00","25,274.00",283.40K,4.58%
11/5/2022,"29,427.00","29,336.00","29,697.00","28,614.00",114.10K,1.88%
12/5/2022,"27,170.00","29,427.00","29,517.00","27,080.00",209.20K,-7.67%
13/05/2022,"24,462.00","27,170.00","27,892.00","24,462.00",514.40K,-9.97%
16/05/2022,"24,191.00","22,025.00","26,177.00","22,025.00",314.26K,-1.11%
17/05/2022,"26,538.00","21,844.00","26,538.00","21,844.00",224.80K,9.70%
18/05/2022,"27,350.00","27,080.00","27,802.00","26,899.00",159.64K,3.06%
19/05/2022,"27,350.00","27,080.00","27,621.00","25,996.00",186.54K,0.00%
20/05/2022,"27,441.00","27,350.00","27,982.00","27,170.00",227.10K,0.33%
23/05/2022,"27,441.00","27,441.00","28,073.00","26,899.00",338.81K,0.00%
24/05/2022,"27,802.00","27,080.00","27,802.00","26,177.00",157.42K,1.32%
25/05/2022,"29,788.00","27,982.00","29,788.00","27,892.00",315.10K,7.14%
26/05/2022,"29,968.00","29,788.00","30,329.00","29,607.00",464.56K,0.60%
27/05/2022,"29,968.00","30,058.00","30,149.00","29,607.00",365.81K,0.00%
30/05/2022,"30,058.00","29,607.00","30,419.00","29,607.00",279.37K,0.30%
31/05/2022,"30,600.00","30,058.00","31,412.00","29,788.00",470.94K,1.80%
1/6/2022,"30,222.00","33,056.00","33,056.00","29,844.00",285.90K,-1.24%
2/6/2022,"29,844.00","30,222.00","30,222.00","28,806.00",370.00K,-1.25%
3/6/2022,"28,711.00","29,278.00","29,750.00","28,711.00",289.70K,-3.80%
6/6/2022,"28,144.00","28,711.00","29,278.00","28,144.00",334.23K,-1.97%
7/6/2022,"28,239.00","28,333.00","28,522.00","27,200.00",438.22K,0.34%
8/6/2022,"29,467.00","28,428.00","29,656.00","28,428.00",513.54K,4.35%
9/6/2022,"29,467.00","29,372.00","29,656.00","29,089.00",174.20K,0.00%
10/6/2022,"28,806.00","29,278.00","30,600.00","28,806.00",501.54K,-2.24%
13/06/2022,"25,972.00","28,806.00","28,806.00","25,972.00",515.86K,-9.84%
14/06/2022,"25,783.00","25,972.00","26,633.00","25,406.00",256.20K,-0.73%
15/06/2022,"24,178.00","25,878.00","25,972.00","23,800.00",354.80K,-6.23%
16/06/2022,"24,556.00","24,178.00","25,783.00","24,178.00",270.81K,1.56%
17/06/2022,"23,611.00","23,611.00","24,083.00","22,667.00",240.05K,-3.85%
20/06/2022,"21,250.00","23,611.00","23,611.00","21,250.00",383.58K,-10.00%
21/06/2022,"20,778.00","21,156.00","22,006.00","20,400.00",397.20K,-2.22%
22/06/2022,"21,250.00","21,250.00","22,194.00","20,778.00",213.69K,2.27%
23/06/2022,"22,100.00","21,250.00","22,194.00","21,250.00",204.60K,4.00%
24/06/2022,"22,289.00","22,289.00","22,950.00","22,194.00",217.21K,0.86%
27/06/2022,"22,950.00","22,478.00","23,233.00","22,478.00",193.50K,2.97%
28/06/2022,"23,611.00","23,517.00","24,178.00","23,044.00",225.80K,2.88%
29/06/2022,"23,517.00","23,422.00","23,800.00","23,139.00",184.70K,-0.40%
30/06/2022,"22,856.00","23,328.00","23,422.00","22,856.00",124.22K,-2.81%
1/7/2022,"22,667.00","22,856.00","22,856.00","20,589.00",395.80K,-0.83%
4/7/2022,"22,478.00","23,611.00","23,611.00","21,911.00",79.60K,-0.83%
5/7/2022,"21,628.00","22,478.00","22,478.00","21,250.00",156.61K,-3.78%
6/7/2022,"20,683.00","20,967.00","21,439.00","20,683.00",204.21K,-4.37%
7/7/2022,"20,872.00","20,778.00","21,061.00","20,589.00",120.21K,0.91%
8/7/2022,"21,628.00","21,344.00","22,100.00","21,061.00",301.65K,3.62%
11/7/2022,"21,911.00","21,628.00","22,289.00","21,533.00",200.07K,1.31%
12/7/2022,"22,478.00","19,833.00","22,572.00","19,833.00",201.40K,2.59%
13/07/2022,"23,139.00","22,478.00","23,611.00","22,478.00",229.31K,2.94%
14/07/2022,"22,950.00","23,139.00","23,328.00","22,667.00",117.00K,-0.82%
15/07/2022,"23,611.00","23,044.00","24,083.00","22,950.00",314.81K,2.88%
18/07/2022,"24,461.00","23,611.00","25,028.00","23,422.00",340.34K,3.60%
19/07/2022,"24,367.00","24,461.00","24,650.00","23,800.00",189.01K,-0.38%
20/07/2022,"24,367.00","24,367.00","24,744.00","24,272.00",268.71K,0.00%
21/07/2022,"23,894.00","24,461.00","24,461.00","23,800.00",161.11K,-1.94%
22/07/2022,"23,233.00","23,894.00","24,272.00","23,233.00",174.22K,-2.77%
25/07/2022,"23,139.00","23,233.00","23,611.00","23,139.00",106.21K,-0.40%
26/07/2022,"23,328.00","23,139.00","23,989.00","23,139.00",166.01K,0.82%
27/07/2022,"24,461.00","23,328.00","24,461.00","23,328.00",235.80K,4.86%
28/07/2022,"26,067.00","24,461.00","26,350.00","24,461.00",687.83K,6.57%
29/07/2022,"25,217.00","25,972.00","26,256.00","25,217.00",241.30K,-3.26%
1/8/2022,"26,161.00","25,217.00","26,350.00","25,028.00",439.74K,3.74%
2/8/2022,"26,444.00","26,161.00","27,389.00","26,067.00",460.90K,1.08%
3/8/2022,"26,633.00","26,539.00","26,728.00","26,161.00",227.80K,0.71%
4/8/2022,"26,917.00","26,633.00","27,483.00","26,633.00",329.10K,1.07%
5/8/2022,"27,011.00","29,278.00","29,278.00","26,633.00",221.15K,0.35%
8/8/2022,"26,444.00","26,917.00","27,106.00","26,350.00",380.37K,-2.10%
9/8/2022,"26,444.00","27,011.00","27,011.00","26,350.00",131.71K,0.00%
10/8/2022,"26,444.00","27,011.00","27,011.00","26,350.00",221.91K,0.00%
11/8/2022,"26,256.00","26,822.00","27,200.00","26,161.00",353.25K,-0.71%
12/8/2022,"26,444.00","26,256.00","26,728.00","25,783.00",190.00K,0.72%
15/08/2022,"26,822.00","26,917.00","27,106.00","26,539.00",290.06K,1.43%
16/08/2022,"27,389.00","27,011.00","27,956.00","26,822.00",435.81K,2.11%
17/08/2022,"27,578.00","27,767.00","28,050.00","27,294.00",398.57K,0.69%
18/08/2022,"27,011.00","27,389.00","27,483.00","26,917.00",173.01K,-2.06%
19/08/2022,"26,917.00","26,917.00","27,578.00","26,633.00",212.03K,-0.35%
22/08/2022,"26,161.00","26,822.00","26,822.00","26,067.00",255.27K,-2.81%
23/08/2022,"26,822.00","26,067.00","26,917.00","25,594.00",263.93K,2.53%
24/08/2022,"27,106.00","27,106.00","27,578.00","26,822.00",443.82K,1.06%
25/08/2022,"27,200.00","27,200.00","27,767.00","27,106.00",256.73K,0.35%
26/08/2022,"26,917.00","27,294.00","27,389.00","26,728.00",204.10K,-1.04%
29/08/2022,"26,444.00","26,728.00","26,728.00","25,689.00",261.10K,-1.76%
30/08/2022,"26,444.00","26,728.00","27,294.00","26,444.00",144.51K,0.00%
31/08/2022,"26,633.00","26,444.00","26,633.00","26,067.00",116.34K,0.71%
5/9/2022,"26,350.00","26,917.00","26,917.00","26,067.00",161.70K,-1.06%
6/9/2022,"26,728.00","26,444.00","27,106.00","26,350.00",304.50K,1.43%
7/9/2022,"25,028.00","26,822.00","26,822.00","25,028.00",346.85K,-6.36%
8/9/2022,"25,028.00","24,461.00","25,689.00","24,367.00",277.02K,0.00%
9/9/2022,"25,594.00","25,122.00","25,594.00","24,744.00",113.10K,2.26%
12/9/2022,"25,311.00","26,161.00","26,161.00","25,311.00",75.64K,-1.11%
13/09/2022,"25,217.00","25,217.00","25,311.00","24,744.00",217.44K,-0.37%
14/09/2022,"25,689.00","24,839.00","25,878.00","23,800.00",277.42K,1.87%
15/09/2022,"26,444.00","25,689.00","26,822.00","25,689.00",305.57K,2.94%
16/09/2022,"26,256.00","26,444.00","26,633.00","25,972.00",227.30K,-0.71%
19/09/2022,"28,050.00","26,161.00","28,806.00","25,972.00",1.85M,6.83%
20/09/2022,"27,861.00","27,956.00","28,239.00","27,389.00",417.12K,-0.67%
21/09/2022,"27,861.00","27,861.00","29,089.00","27,672.00",710.55K,0.00%
22/09/2022,"28,617.00","27,767.00","28,711.00","27,389.00",731.99K,2.71%
23/09/2022,"28,239.00","28,333.00","29,089.00","27,956.00",650.25K,-1.32%
26/09/2022,"27,294.00","27,956.00","28,144.00","26,350.00",776.01K,-3.35%
27/09/2022,"29,656.00","26,444.00","29,939.00","26,444.00",2.08M,8.65%
28/09/2022,"27,578.00","29,278.00","30,128.00","27,483.00",1.08M,-7.01%
29/09/2022,"24,839.00","28,333.00","28,806.00","24,839.00",1.65M,-9.93%
30/09/2022,"26,161.00","24,839.00","26,444.00","23,800.00",845.22K,5.32%
3/10/2022,"23,706.00","26,161.00","26,161.00","23,706.00",665.86K,-9.38%
4/10/2022,"22,761.00","23,989.00","24,556.00","22,761.00",597.73K,-3.99%
5/10/2022,"23,611.00","22,856.00","24,083.00","22,761.00",434.02K,3.73%
6/10/2022,"21,722.00","23,611.00","23,894.00","21,722.00",438.66K,-8.00%
7/10/2022,"21,061.00","21,722.00","21,817.00","19,833.00",673.75K,-3.04%
10/10/2022,"21,911.00","20,967.00","22,100.00","20,211.00",273.84K,4.04%
11/10/2022,"20,306.00","21,911.00","22,478.00","20,306.00",518.85K,-7.33%
12/10/2022,"21,156.00","20,306.00","21,628.00","20,306.00",341.53K,4.19%
13/10/2022,"21,533.00","21,250.00","21,911.00","21,250.00",128.66K,1.78%
14/10/2022,"21,722.00","21,911.00","22,478.00","21,533.00",289.72K,0.88%
17/10/2022,"22,667.00","21,722.00","22,667.00","21,156.00",246.11K,4.35%
18/10/2022,"22,100.00","23,044.00","23,328.00","21,817.00",254.57K,-2.50%
19/10/2022,"22,100.00","22,194.00","22,478.00","21,817.00",208.56K,0.00%
20/10/2022,"21,722.00","21,911.00","22,194.00","21,722.00",91.30K,-1.71%
21/10/2022,"19,928.00","21,628.00","21,722.00","19,644.00",532.44K,-8.26%
24/10/2022,"18,417.00","20,117.00","20,778.00","18,322.00",347.50K,-7.58%
25/10/2022,"18,228.00","18,417.00","19,361.00","17,094.00",278.20K,-1.03%
26/10/2022,"17,850.00","18,794.00","18,794.00","17,756.00",137.21K,-2.07%
27/10/2022,"18,889.00","16,150.00","18,889.00","16,150.00",149.64K,5.82%
28/10/2022,"18,889.00","19,739.00","19,739.00","18,889.00",143.33K,0.00%
31/10/2022,"18,700.00","19,361.00","19,361.00","18,133.00",147.08K,-1.00%
1/11/2022,"18,794.00","18,794.00","19,267.00","18,511.00",126.12K,0.50%
2/11/2022,"19,267.00","19,078.00","19,267.00","18,700.00",144.05K,2.52%
3/11/2022,"19,361.00","19,078.00","20,211.00","18,794.00",214.52K,0.49%
4/11/2022,"18,511.00","19,361.00","19,361.00","18,417.00",146.21K,-4.39%
7/11/2022,"16,906.00","18,511.00","18,511.00","16,906.00",199.10K,-8.67%
8/11/2022,"17,094.00","17,000.00","17,283.00","16,622.00",159.10K,1.11%
9/11/2022,"17,000.00","17,283.00","17,472.00","17,000.00",89.30K,-0.55%
10/11/2022,"15,300.00","15,300.00","17,000.00","15,300.00",424.82K,-10.00%
11/11/2022,"14,072.00","13,789.00","15,583.00","13,789.00",254.64K,-8.03%
14/11/2022,"13,789.00","12,750.00","14,356.00","12,750.00",242.11K,-2.01%
15/11/2022,"13,128.00","13,506.00","14,261.00","12,939.00",364.24K,-4.79%
16/11/2022,"14,356.00","11,994.00","14,356.00","11,900.00",306.24K,9.35%
17/11/2022,"14,828.00","14,356.00","15,300.00","14,356.00",210.92K,3.29%
18/11/2022,"15,300.00","13,411.00","15,300.00","13,411.00",196.95K,3.18%
21/11/2022,"15,772.00","13,789.00","16,244.00","13,789.00",255.33K,3.08%
22/11/2022,"16,056.00","17,000.00","17,189.00","15,678.00",347.15K,1.80%
23/11/2022,"15,678.00","16,056.00","16,528.00","15,678.00",111.62K,-2.35%
24/11/2022,"15,772.00","15,772.00","16,244.00","15,583.00",120.75K,0.60%
25/11/2022,"16,528.00","16,056.00","16,528.00","15,961.00",210.59K,4.79%
28/11/2022,"17,944.00","16,528.00","17,944.00","16,528.00",274.29K,8.57%
29/11/2022,"18,228.00","17,944.00","18,700.00","17,378.00",509.48K,1.58%
30/11/2022,"19,078.00","18,228.00","19,172.00","17,944.00",254.71K,4.66%
1/12/2022,"19,078.00","19,644.00","19,739.00","18,322.00",315.22K,0.00%
2/12/2022,"19,833.00","18,889.00","19,833.00","18,322.00",354.51K,3.96%
5/12/2022,"21,439.00","20,117.00","21,439.00","20,117.00",365.04K,8.10%
6/12/2022,"20,400.00","19,361.00","21,439.00","19,361.00",385.92K,-4.85%
7/12/2022,"20,000.00","19,600.00","20,300.00","19,200.00",201.60K,-1.96%
8/12/2022,"19,900.00","20,000.00","20,800.00","19,800.00",176.15K,-0.50%
9/12/2022,"21,000.00","19,900.00","21,100.00","19,500.00",369.18K,5.53%
12/12/2022,"21,000.00","21,200.00","22,300.00","21,000.00",440.25K,0.00%
13/12/2022,"21,200.00","20,400.00","21,300.00","20,400.00",179.20K,0.95%
14/12/2022,"21,200.00","21,400.00","21,900.00","20,700.00",165.21K,0.00%
15/12/2022,"21,100.00","21,200.00","21,500.00","20,700.00",93.50K,-0.47%
16/12/2022,"21,300.00","21,000.00","22,000.00","20,600.00",205.37K,0.95%
19/12/2022,"21,500.00","21,700.00","22,700.00","21,300.00",357.00K,0.94%
20/12/2022,"21,400.00","21,200.00","21,800.00","19,800.00",341.82K,-0.47%
21/12/2022,"20,200.00","21,400.00","21,500.00","19,700.00",232.06K,-5.61%
22/12/2022,"20,600.00","20,700.00","20,900.00","19,900.00",145.99K,1.98%
23/12/2022,"20,700.00","20,600.00","20,800.00","20,200.00",89.34K,0.49%
26/12/2022,"20,600.00","20,800.00","21,500.00","20,600.00",289.22K,-0.48%
27/12/2022,"21,500.00","20,600.00","21,500.00","20,200.00",243.07K,4.37%
28/12/2022,"21,400.00","21,700.00","21,900.00","20,800.00",103.01K,-0.47%
29/12/2022,"21,700.00","21,500.00","22,300.00","21,100.00",372.63K,1.40%
30/12/2022,"22,500.00","22,500.00","23,000.00","21,600.00",714.40K,3.69%
3/1/2023,"24,700.00","22,500.00","24,700.00","22,500.00",909.09K,9.78%
4/1/2023,"24,600.00","24,900.00","25,500.00","24,000.00",583.86K,-0.40%
5/1/2023,"25,000.00","24,600.00","25,600.00","24,500.00",556.75K,1.63%
6/1/2023,"24,600.00","25,100.00","25,200.00","24,500.00",430.83K,-1.60%
9/1/2023,"24,700.00","24,800.00","25,400.00","24,600.00",433.92K,0.41%
10/1/2023,"26,200.00","24,700.00","26,800.00","24,500.00",587.26K,6.07%
11/1/2023,"25,800.00","26,500.00","26,600.00","25,800.00",451.70K,-1.53%
12/1/2023,"26,500.00","25,800.00","26,600.00","25,700.00",362.47K,2.71%
13/01/2023,"26,600.00","26,500.00","27,000.00","26,400.00",619.57K,0.38%
16/01/2023,"27,100.00","26,600.00","27,400.00","26,500.00",385.65K,1.88%
17/01/2023,"27,900.00","27,100.00","28,200.00","27,100.00",475.96K,2.95%
18/01/2023,"27,600.00","28,000.00","28,400.00","27,400.00",306.06K,-1.08%
19/01/2023,"27,500.00","27,600.00","27,800.00","27,200.00",377.91K,-0.36%
27/01/2023,"28,000.00","27,600.00","28,300.00","27,600.00",468.99K,1.82%
30/01/2023,"27,500.00","28,000.00","28,700.00","27,500.00",572.00K,-1.79%
31/01/2023,"27,600.00","27,200.00","27,600.00","26,600.00",497.22K,0.36%
1/2/2023,"25,000.00","27,700.00","27,900.00","25,000.00",640.54K,-9.42%
2/2/2023,"25,600.00","25,000.00","25,900.00","25,000.00",744.83K,2.40%
3/2/2023,"26,200.00","26,000.00","26,800.00","25,600.00",441.38K,2.34%
6/2/2023,"26,000.00","26,300.00","26,600.00","25,600.00",257.24K,-0.76%
7/2/2023,"25,000.00","26,100.00","26,300.00","25,000.00",489.40K,-3.85%
8/2/2023,"25,600.00","25,000.00","25,800.00","24,700.00",448.26K,2.40%
9/2/2023,"27,000.00","25,800.00","27,500.00","25,300.00",656.41K,5.47%
10/2/2023,"26,300.00","27,000.00","27,300.00","26,100.00",346.83K,-2.59%
13/02/2023,"25,600.00","26,600.00","27,000.00","25,000.00",425.72K,-2.66%
14/02/2023,"25,800.00","25,600.00","26,300.00","25,400.00",203.71K,0.78%
15/02/2023,"28,300.00","26,100.00","28,300.00","25,900.00",1.81M,9.69%
16/02/2023,"29,000.00","28,900.00","29,200.00","28,400.00",783.34K,2.47%
17/02/2023,"30,100.00","29,000.00","30,800.00","28,600.00",1.27M,3.79%
20/02/2023,"31,300.00","30,100.00","31,500.00","30,000.00",822.25K,3.99%
21/02/2023,"30,800.00","31,300.00","32,800.00","30,800.00",973.43K,-1.60%
22/02/2023,"30,000.00","30,900.00","31,900.00","29,700.00",1.25M,-2.60%
23/02/2023,"32,000.00","29,900.00","32,000.00","28,800.00",1.37M,6.67%
24/02/2023,"32,800.00","32,500.00","33,800.00","31,800.00",1.10M,2.50%
27/02/2023,"31,900.00","32,800.00","33,000.00","31,100.00",1.02M,-2.74%
28/02/2023,"29,600.00","31,800.00","32,500.00","29,600.00",1.16M,-7.21%
1/3/2023,"32,000.00","29,600.00","32,000.00","29,100.00",777.52K,8.11%
2/3/2023,"31,700.00","32,200.00","32,800.00","31,100.00",580.16K,-0.94%
3/3/2023,"33,000.00","31,700.00","34,100.00","31,400.00",1.57M,4.10%
6/3/2023,"33,000.00","31,100.00","34,000.00","31,100.00",807.08K,0.00%
7/3/2023,"33,300.00","33,100.00","33,600.00","32,600.00",683.43K,0.91%
8/3/2023,"33,900.00","33,200.00","34,000.00","32,700.00",934.47K,1.80%
9/3/2023,"34,500.00","34,100.00","34,700.00","33,900.00",492.94K,1.77%
10/3/2023,"33,200.00","34,500.00","34,500.00","32,900.00",884.04K,-3.77%
13/03/2023,"32,800.00","33,000.00","33,800.00","32,500.00",517.79K,-1.20%
14/03/2023,"31,500.00","33,000.00","33,200.00","31,400.00",1.34M,-3.96%
15/03/2023,"33,500.00","32,000.00","33,600.00","32,000.00",607.89K,6.35%
16/03/2023,"32,400.00","33,200.00","33,300.00","32,000.00",489.61K,-3.28%
17/03/2023,"31,900.00","32,900.00","32,900.00","31,600.00",509.00K,-1.54%
20/03/2023,"32,200.00","31,500.00","33,500.00","31,400.00",951.57K,0.94%
21/03/2023,"33,000.00","32,200.00","33,100.00","32,000.00",617.95K,2.48%
22/03/2023,"32,500.00","33,200.00","33,800.00","32,500.00",821.62K,-1.52%
23/03/2023,"32,900.00","32,100.00","33,400.00","31,900.00",375.48K,1.23%
24/03/2023,"33,100.00","32,700.00","33,800.00","32,700.00",681.79K,0.61%
27/03/2023,"33,200.00","33,100.00","33,800.00","32,800.00",426.83K,0.30%
28/03/2023,"34,600.00","33,400.00","35,600.00","33,400.00",1.51M,4.22%
29/03/2023,"35,000.00","34,600.00","35,300.00","34,400.00",553.15K,1.16%
30/03/2023,"34,300.00","35,300.00","35,600.00","34,300.00",688.51K,-2.00%
31/03/2023,"33,300.00","34,300.00","34,700.00","33,200.00",1.03M,-2.92%
3/4/2023,"34,200.00","33,400.00","34,400.00","33,400.00",591.99K,2.70%
4/4/2023,"33,900.00","34,200.00","35,300.00","33,900.00",581.24K,-0.88%
5/4/2023,"33,700.00","34,000.00","34,000.00","33,100.00",1.02M,-0.59%
6/4/2023,"33,100.00","33,500.00","34,700.00","33,100.00",894.08K,-1.78%
7/4/2023,"32,800.00","33,100.00","33,500.00","32,700.00",565.77K,-0.91%
10/4/2023,"31,900.00","32,800.00","33,300.00","31,600.00",1.18M,-2.74%
11/4/2023,"32,900.00","32,100.00","32,900.00","31,500.00",538.00K,3.13%
12/4/2023,"32,700.00","33,200.00","33,300.00","32,500.00",311.45K,-0.61%
13/04/2023,"32,100.00","32,700.00","33,100.00","31,800.00",457.29K,-1.83%
14/04/2023,"32,200.00","32,100.00","32,700.00","31,800.00",523.41K,0.31%
17/04/2023,"32,800.00","32,200.00","32,800.00","32,000.00",405.67K,1.86%
18/04/2023,"34,400.00","33,000.00","34,800.00","32,500.00",1.82M,4.88%
19/04/2023,"33,800.00","34,600.00","34,800.00","33,700.00",620.69K,-1.74%
20/04/2023,"32,900.00","33,400.00","34,000.00","32,900.00",549.60K,-2.66%
21/04/2023,"31,500.00","33,000.00","33,000.00","29,700.00",1.38M,-4.26%
24/04/2023,"31,800.00","31,500.00","32,400.00","31,300.00",371.52K,0.95%
25/04/2023,"31,100.00","32,000.00","32,000.00","31,000.00",550.28K,-2.20%
26/04/2023,"31,400.00","31,000.00","31,500.00","30,700.00",372.70K,0.96%
27/04/2023,"31,600.00","31,400.00","31,900.00","31,400.00",292.75K,0.64%
28/04/2023,"31,400.00","31,300.00","31,900.00","31,300.00",321.71K,-0.63%
4/5/2023,"32,400.00","31,400.00","32,500.00","31,200.00",604.89K,3.18%
5/5/2023,"32,100.00","32,500.00","32,500.00","32,000.00",338.45K,-0.93%
8/5/2023,"32,600.00","32,200.00","33,000.00","32,200.00",406.52K,1.56%
9/5/2023,"33,000.00","32,900.00","33,500.00","32,600.00",480.26K,1.23%
10/5/2023,"33,000.00","33,400.00","33,400.00","32,900.00",368.22K,0.00%
11/5/2023,"33,000.00","33,300.00","33,400.00","32,700.00",404.21K,0.00%
12/5/2023,"34,400.00","33,000.00","34,500.00","33,000.00",1.03M,4.24%
15/05/2023,"33,600.00","34,400.00","35,100.00","33,400.00",602.41K,-2.33%
16/05/2023,"33,800.00","33,600.00","35,000.00","33,500.00",792.42K,0.60%
17/05/2023,"33,800.00","34,000.00","34,200.00","33,600.00",487.80K,0.00%
18/05/2023,"34,100.00","33,900.00","34,300.00","33,800.00",334.24K,0.89%
19/05/2023,"33,600.00","34,300.00","34,300.00","33,500.00",358.91K,-1.47%
22/05/2023,"36,300.00","33,700.00","36,500.00","33,700.00",1.12M,8.04%
23/05/2023,"36,400.00","36,300.00","36,900.00","36,100.00",356.99K,0.28%
24/05/2023,"36,500.00","36,700.00","37,200.00","36,200.00",791.94K,0.27%
25/05/2023,"37,100.00","36,500.00","37,400.00","36,400.00",575.65K,1.64%
26/05/2023,"37,000.00","37,100.00","37,400.00","36,800.00",381.68K,-0.27%
29/05/2023,"37,100.00","37,000.00","38,100.00","36,700.00",542.42K,0.27%
30/05/2023,"37,600.00","37,100.00","37,800.00","36,800.00",516.68K,1.35%
31/05/2023,"36,500.00","37,800.00","38,000.00","36,500.00",515.15K,-2.93%
1/6/2023,"37,400.00","36,500.00","37,400.00","36,500.00",525.82K,2.47%
2/6/2023,"37,300.00","37,800.00","37,800.00","36,800.00",439.07K,-0.27%
5/6/2023,"37,200.00","38,000.00","38,000.00","37,100.00",265.06K,-0.27%
6/6/2023,"37,700.00","37,400.00","37,800.00","36,700.00",604.37K,1.34%
7/6/2023,"37,700.00","38,000.00","38,600.00","37,100.00",363.85K,0.00%
8/6/2023,"36,500.00","37,700.00","37,900.00","36,500.00",874.63K,-3.18%
9/6/2023,"35,800.00","36,400.00","36,500.00","35,800.00",697.48K,-1.92%
12/6/2023,"35,900.00","35,900.00","36,500.00","35,700.00",534.19K,0.28%
13/06/2023,"36,300.00","35,900.00","36,500.00","35,900.00",212.20K,1.11%
14/06/2023,"36,200.00","36,300.00","36,700.00","36,200.00",269.67K,-0.28%
15/06/2023,"37,400.00","36,100.00","37,400.00","34,400.00",478.33K,3.31%
16/06/2023,"36,100.00","37,400.00","37,800.00","36,100.00",397.95K,-3.48%
