Date,Price,Open,High,Low,Vol.,Change %
12/1/2017,"10,537.70","10,477.80","10,567.60","10,417.90",7.36M,0.86%
12/4/2017,"10,926.90","10,537.70","10,956.80","10,537.70",9.45M,3.69%
12/5/2017,"10,477.80","10,956.80","10,956.80","10,477.80",8.19M,-4.11%
12/6/2017,"10,447.90","10,447.90","10,627.50","10,328.10",9.81M,-0.29%
12/7/2017,"10,837.10","10,447.90","10,837.10","10,447.90",8.30M,3.73%
12/8/2017,"10,777.20","10,837.10","10,837.10","10,687.40",3.40M,-0.55%
12/11/2017,"10,597.60","10,747.30","10,747.30","10,477.80",7.89M,-1.67%
12/12/2017,"10,358.10","10,567.60","10,657.40","9,549.80",22.15M,-2.26%
12/13/2017,"10,118.60","10,358.10","10,417.90","9,879.10",5.37M,-2.31%
12/14/2017,"10,238.30","10,118.60","10,268.30","10,058.70",6.13M,1.18%
12/15/2017,"10,238.30","10,238.30","10,328.10","10,148.50",3.81M,0.00%
12/18/2017,"10,507.80","10,328.10","10,537.70","10,328.10",6.25M,2.63%
12/19/2017,"10,417.90","10,597.60","10,597.60","10,388.00",6.64M,-0.86%
12/20/2017,"10,417.90","10,417.90","10,597.60","10,388.00",14.05M,0.00%
12/21/2017,"10,388.00","10,537.70","10,537.70","10,388.00",14.48M,-0.29%
12/22/2017,"10,358.10","10,388.00","10,447.90","10,298.20",6.93M,-0.29%
12/25/2017,"10,328.10","10,358.10","10,477.80","10,268.30",10.83M,-0.29%
12/26/2017,"10,388.00","10,328.10","10,388.00","10,238.30",16.38M,0.58%
12/27/2017,"10,926.90","10,388.00","10,986.70","10,388.00",22.27M,5.19%
12/28/2017,"11,016.70","10,956.80","11,106.50","10,956.80",19.02M,0.82%
12/29/2017,"11,046.60","11,076.60","11,226.20","10,956.80",14.92M,0.27%
1/2/2018,"11,615.40","11,076.60","11,645.30","11,016.70",12.22M,5.15%
1/3/2018,"11,585.50","11,615.40","11,705.20","11,375.90",16.89M,-0.26%
1/4/2018,"11,615.40","11,585.50","11,645.30","11,495.70",21.26M,0.26%
1/5/2018,"11,615.40","11,675.30","11,825.00","11,495.70",21.56M,0.00%
1/8/2018,"12,004.60","11,615.40","12,004.60","11,615.40",12.96M,3.35%
1/9/2018,"12,064.50","12,034.50","12,184.20","11,675.30",15.85M,0.50%
1/10/2018,"11,914.80","12,124.30","12,184.20","11,795.00",15.49M,-1.24%
1/11/2018,"11,974.70","11,914.80","11,974.70","11,675.30",16.45M,0.50%
1/12/2018,"11,705.20","11,974.70","12,034.50","11,645.30",25.28M,-2.25%
1/15/2018,"11,675.30","11,705.20","11,765.10","11,465.70",11.25M,-0.26%
1/16/2018,"11,615.40","11,675.30","11,765.10","11,525.60",11.31M,-0.51%
1/17/2018,"11,675.30","11,615.40","12,034.50","11,585.50",13.63M,0.52%
1/18/2018,"11,825.00","11,465.70","11,825.00","11,465.70",12.47M,1.28%
1/19/2018,"11,825.00","11,854.90","12,094.40","11,735.20",15.62M,0.00%
1/22/2018,"12,034.50","11,825.00","12,124.30","11,825.00",15.18M,1.77%
1/23/2018,"12,393.80","12,124.30","12,513.50","12,034.50",26.47M,2.99%
1/24/2018,"12,304.00","12,483.60","12,663.20","12,304.00",13.83M,-0.72%
1/25/2018,"12,513.50","12,333.90","12,782.90","12,064.50",28.16M,1.70%
1/26/2018,"12,603.30","12,573.40","12,723.10","12,363.80",16.60M,0.72%
1/29/2018,"12,573.40","12,573.40","12,812.90","12,543.40",16.49M,-0.24%
1/30/2018,"12,453.60","12,543.40","12,543.40","12,333.90",13.12M,-0.95%
1/31/2018,"12,483.60","12,453.60","12,723.10","12,423.70",21.50M,0.24%
2/1/2018,"12,274.00","12,483.60","12,543.40","12,184.20",21.49M,-1.68%
2/2/2018,"12,423.70","12,274.00","12,483.60","12,244.10",12.73M,1.22%
2/5/2018,"11,974.70","12,453.60","12,603.30","11,944.70",16.93M,-3.61%
2/6/2018,"11,645.30","11,555.50","11,825.00","10,807.10",24.48M,-2.75%
2/7/2018,"12,184.20","11,705.20","12,543.40","11,705.20",8.77M,4.63%
2/8/2018,"11,825.00","12,184.20","12,333.90","11,825.00",6.72M,-2.95%
2/9/2018,"11,944.70","10,926.90","12,034.50","10,926.90",12.90M,1.01%
2/12/2018,"12,573.40","12,184.20","12,573.40","12,184.20",7.18M,5.26%
2/13/2018,"13,082.30","12,723.10","13,202.10","12,573.40",18.22M,4.05%
2/21/2018,"13,321.80","13,082.30","13,561.30","13,082.30",11.03M,1.83%
2/22/2018,"13,232.00","13,411.60","13,471.50","13,142.20",11.71M,-0.67%
2/23/2018,"13,381.70","13,232.00","13,471.50","13,142.20",13.81M,1.13%
2/26/2018,"13,561.30","13,411.60","13,830.70","13,411.60",33.57M,1.34%
2/27/2018,"13,890.60","13,591.20","13,920.50","13,531.40",13.72M,2.43%
2/28/2018,"14,070.20","13,920.50","14,190.00","13,711.00",14.28M,1.29%
3/1/2018,"13,770.90","14,070.20","14,219.90","13,681.00",17.97M,-2.13%
3/2/2018,"13,920.50","13,770.90","13,980.40","13,531.40",17.58M,1.09%
3/5/2018,"13,172.10","13,920.50","14,100.20","13,172.10",20.61M,-5.38%
3/6/2018,"13,740.90","13,172.10","13,740.90","13,142.20",14.30M,4.32%
3/7/2018,"13,531.40","13,770.90","13,890.60","13,441.50",16.76M,-1.52%
3/8/2018,"13,561.30","13,711.00","13,711.00","13,471.50",13.50M,0.22%
3/9/2018,"14,010.30","13,621.20","14,040.30","13,591.20",16.13M,3.31%
3/12/2018,"14,549.20","14,070.20","14,549.20","14,070.20",16.52M,3.85%
3/13/2018,"14,728.80","14,579.10","14,728.80","14,369.60",12.30M,1.23%
3/14/2018,"14,728.80","15,118.00","15,267.70","14,668.90",9.94M,0.00%
3/15/2018,"14,788.70","14,758.80","14,848.60","14,549.20",13.47M,0.41%
3/16/2018,"15,088.10","14,908.40","15,177.90","14,818.60",13.91M,2.02%
3/19/2018,"15,477.20","15,267.70","15,477.20","15,147.90",16.33M,2.58%
3/20/2018,"15,938.30","15,641.90","15,971.20","15,477.20",13.82M,2.98%
3/21/2018,"15,773.60","15,938.30","16,070.00","15,641.90",19.09M,-1.03%
3/22/2018,"15,477.20","15,773.60","15,839.50","15,411.40",17.89M,-1.88%
3/23/2018,"15,147.90","15,477.20","15,477.20","14,654.00",19.55M,-2.13%
3/26/2018,"15,576.00","15,147.90","15,576.00","15,016.20",8.55M,2.83%
3/27/2018,"15,641.90","15,674.80","15,905.30","15,543.10",10.04M,0.42%
3/28/2018,"15,444.30","15,609.00","15,674.80","15,378.40",6.91M,-1.26%
3/29/2018,"15,345.50","15,543.10","15,543.10","15,345.50",6.19M,-0.64%
3/30/2018,"15,378.40","15,147.90","15,444.30","15,147.90",6.35M,0.21%
4/2/2018,"16,201.70","15,411.40","16,201.70","15,411.40",13.28M,5.35%
4/3/2018,"16,135.80","16,201.70","16,300.50","15,971.20",10.86M,-0.41%
4/4/2018,"16,168.80","16,135.80","16,399.30","16,102.90",10.80M,0.20%
4/5/2018,"16,399.30","16,201.70","16,399.30","16,135.80",11.95M,1.43%
4/6/2018,"16,761.50","16,432.20","16,926.20","16,399.30",16.70M,2.21%
4/9/2018,"16,827.40","16,794.40","16,959.10","16,596.90",10.55M,0.39%
4/10/2018,"16,629.80","16,860.30","16,992.00","16,498.10",13.82M,-1.17%
4/11/2018,"16,070.00","16,629.80","16,761.50","16,070.00",19.37M,-3.37%
4/12/2018,"16,432.20","15,839.50","16,432.20","15,839.50",10.95M,2.25%
4/13/2018,"15,971.20","16,465.10","16,596.90","15,938.30",9.42M,-2.81%
4/16/2018,"16,004.10","15,938.30","16,168.80","15,707.70",8.46M,0.21%
4/17/2018,"16,300.50","16,004.10","16,300.50","15,905.30",9.48M,1.85%
4/18/2018,"16,102.90","16,300.50","16,563.90","16,037.10",9.83M,-1.21%
4/19/2018,"15,707.70","15,806.50","16,135.80","15,543.10",15.02M,-2.45%
4/20/2018,"15,839.50","15,806.50","15,905.30","15,609.00",10.48M,0.84%
4/23/2018,"14,654.00","15,938.30","16,070.00","14,489.30",24.73M,-7.48%
4/24/2018,"14,621.00","14,686.90","14,950.40","14,225.90",11.12M,-0.23%
4/26/2018,"13,369.70","14,654.00","14,654.00","13,336.80",22.12M,-8.56%
4/27/2018,"13,962.40","12,052.50","14,489.30","12,052.50",14.17M,4.43%
5/2/2018,"13,830.70","14,160.00","14,193.00","13,666.10",8.11M,-0.94%
5/3/2018,"14,324.70","13,040.40","14,423.50","13,040.40",11.22M,3.57%
5/4/2018,"14,357.60","14,324.70","14,555.20","14,225.90",8.90M,0.23%
5/7/2018,"15,147.90","14,390.50","15,147.90","14,357.60",13.18M,5.50%
5/8/2018,"14,950.40","15,147.90","15,213.80","14,917.40",8.21M,-1.30%
5/9/2018,"14,621.00","14,950.40","14,950.40","14,522.30",9.00M,-2.20%
5/10/2018,"13,962.40","14,621.00","14,752.80","13,830.70",13.78M,-4.50%
5/11/2018,"14,489.30","13,962.40","14,555.20","13,666.10",11.98M,3.77%
5/14/2018,"14,588.10","14,522.30","14,686.90","14,324.70",3.76M,0.68%
5/15/2018,"14,654.00","14,686.90","14,917.40","14,489.30",8.76M,0.45%
5/16/2018,"14,160.00","14,588.10","16,102.90","14,160.00",11.96M,-3.37%
5/17/2018,"14,127.10","13,995.40","14,357.60","13,995.40",6.15M,-0.23%
5/18/2018,"14,094.20","14,127.10","14,291.70","13,534.30",8.22M,-0.23%
5/21/2018,"13,896.60","14,193.00","14,258.80","13,896.60",5.80M,-1.40%
5/22/2018,"13,534.30","13,830.70","13,830.70","13,205.00",14.68M,-2.61%
5/23/2018,"13,666.10","13,567.30","13,666.10","13,238.00",8.64M,0.97%
5/24/2018,"13,501.40","13,731.90","13,731.90","13,468.50",4.13M,-1.21%
5/25/2018,"13,172.10","13,501.40","13,666.10","13,139.20",10.23M,-2.44%
5/28/2018,"11,920.80","13,007.50","13,106.30","11,854.90",20.17M,-9.50%
5/29/2018,"12,941.60","10,735.30","13,040.40","10,735.30",14.26M,8.56%
5/30/2018,"12,645.20","13,007.50","13,073.30","12,612.30",9.26M,-2.29%
5/31/2018,"13,172.10","12,645.20","13,172.10","12,579.40",10.81M,4.17%
6/1/2018,"13,336.80","13,172.10","13,567.30","12,974.50",16.41M,1.25%
6/4/2018,"13,830.70","13,172.10","13,830.70","13,007.50",16.84M,3.70%
6/5/2018,"13,731.90","13,830.70","13,929.50","13,600.20",14.25M,-0.71%
6/6/2018,"14,258.80","13,731.90","14,324.70","13,600.20",17.21M,3.84%
6/7/2018,"13,962.40","14,258.80","14,357.60","13,962.40",15.83M,-2.08%
6/8/2018,"14,193.00","13,962.40","14,291.70","13,929.50",11.24M,1.65%
6/11/2018,"14,028.30","14,225.90","14,423.50","13,929.50",12.54M,-1.16%
6/12/2018,"13,699.00","14,489.30","14,489.30","13,303.80",21.08M,-2.35%
6/13/2018,"13,666.10","13,731.90","13,896.60","13,501.40",7.10M,-0.24%
6/14/2018,"13,369.70","13,666.10","13,830.70","13,369.70",11.53M,-2.17%
6/15/2018,"13,600.20","13,435.60","13,699.00","13,238.00",9.99M,1.72%
6/18/2018,"13,106.30","13,633.10","13,764.90","13,073.30",15.42M,-3.63%
6/19/2018,"12,842.80","13,106.30","13,106.30","12,151.30",26.25M,-2.01%
6/20/2018,"12,974.50","12,842.80","13,106.30","12,711.10",8.85M,1.03%
6/21/2018,"12,579.40","13,007.50","13,007.50","12,546.40",4.81M,-3.05%
6/22/2018,"12,974.50","12,546.40","13,007.50","12,348.90",8.01M,3.14%
6/25/2018,"12,941.60","12,875.70","13,238.00","12,546.40",8.53M,-0.25%
6/26/2018,"12,744.00","12,941.60","12,941.60","12,645.20",6.78M,-1.53%
6/27/2018,"12,348.90","12,842.80","12,908.70","12,348.90",8.17M,-3.10%
6/28/2018,"11,887.80","12,348.90","12,348.90","11,822.00",15.41M,-3.73%
6/29/2018,"11,723.20","11,920.80","12,118.30","11,690.30",9.21M,-1.38%
7/2/2018,"10,965.80","11,723.20","11,723.20","10,801.10",20.83M,-6.46%
7/3/2018,"10,208.40","10,998.70","11,196.30","10,076.70",22.40M,-6.91%
7/4/2018,"10,537.70","10,043.70","10,537.70","10,043.70",12.53M,3.23%
7/5/2018,"9,846.20","10,307.20","10,537.70","9,714.40",15.03M,-6.56%
7/6/2018,"10,801.10","9,549.80","10,801.10","9,549.80",23.85M,9.70%
7/9/2018,"10,867.00","10,867.00","11,229.20","10,801.10",13.93M,0.61%
7/10/2018,"11,163.40","10,867.00","11,262.20","10,834.10",9.85M,2.73%
7/11/2018,"10,504.80","10,998.70","11,031.60","10,208.40",21.33M,-5.90%
7/12/2018,"10,899.90","11,525.60","11,525.60","10,504.80",12.61M,3.76%
7/13/2018,"11,262.20","10,899.90","11,361.00","10,208.40",11.97M,3.32%
7/16/2018,"11,361.00","11,361.00","11,591.50","11,262.20",11.45M,0.88%
7/17/2018,"11,723.20","11,822.00","11,822.00","11,163.40",15.59M,3.19%
7/18/2018,"11,920.80","11,854.90","12,019.60","11,525.60",13.24M,1.69%
7/19/2018,"11,657.30","11,920.80","11,920.80","11,591.50",19.25M,-2.21%
7/20/2018,"12,118.30","11,657.30","12,118.30","11,393.90",27.10M,3.95%
7/23/2018,"11,756.10","12,151.30","12,184.20","11,756.10",15.09M,-2.99%
7/24/2018,"11,591.50","11,756.10","12,348.90","11,361.00",13.33M,-1.40%
7/25/2018,"11,196.30","12,348.90","12,348.90","11,196.30",13.60M,-3.41%
7/26/2018,"11,459.70","10,076.70","11,756.10","10,076.70",19.21M,2.35%
7/27/2018,"11,723.20","11,525.60","11,822.00","11,492.70",13.01M,2.30%
7/30/2018,"11,887.80","11,756.10","12,019.60","11,723.20",10.47M,1.40%
7/31/2018,"11,789.00","11,854.90","12,019.60","11,723.20",12.66M,-0.83%
8/1/2018,"11,690.30","11,789.00","11,887.80","11,558.50",10.24M,-0.84%
8/2/2018,"11,690.30","11,690.30","11,723.20","11,426.80",13.81M,0.00%
8/3/2018,"11,690.30","11,789.00","11,986.60","11,690.30",11.44M,0.00%
8/6/2018,"11,591.50","11,690.30","11,789.00","11,492.70",7.22M,-0.85%
8/7/2018,"11,690.30","11,624.40","11,789.00","11,492.70",10.14M,0.85%
8/8/2018,"12,085.40","11,723.20","12,085.40","11,690.30",18.48M,3.38%
8/9/2018,"12,118.30","12,085.40","12,381.80","12,085.40",18.29M,0.27%
8/10/2018,"12,283.00","12,118.30","12,283.00","11,920.80",15.00M,1.36%
8/13/2018,"12,546.40","12,283.00","12,546.40","12,118.30",22.30M,2.14%
8/14/2018,"12,348.90","12,645.20","12,645.20","12,348.90",10.12M,-1.57%
8/15/2018,"12,184.20","12,414.70","12,546.40","12,151.30",18.37M,-1.33%
8/16/2018,"12,118.30","12,118.30","12,250.10","11,854.90",20.36M,-0.54%
8/17/2018,"12,118.30","12,118.30","12,381.80","12,118.30",9.60M,0.00%
8/20/2018,"12,085.40","12,151.30","12,283.00","12,019.60",9.87M,-0.27%
8/21/2018,"12,480.60","12,085.40","12,480.60","12,085.40",15.68M,3.27%
8/22/2018,"12,447.70","12,513.50","12,645.20","12,414.70",13.75M,-0.26%
8/23/2018,"12,579.40","12,480.60","12,612.30","12,414.70",9.16M,1.06%
8/24/2018,"12,777.00","12,579.40","12,941.60","12,480.60",23.12M,1.57%
8/27/2018,"12,777.00","12,842.80","13,007.50","12,777.00",9.66M,0.00%
8/28/2018,"12,809.90","12,809.90","12,908.70","12,777.00",15.67M,0.26%
8/29/2018,"12,941.60","12,941.60","13,007.50","12,777.00",14.02M,1.03%
8/30/2018,"13,073.30","12,974.50","13,073.30","12,908.70",12.79M,1.02%
8/31/2018,"12,875.70","13,073.30","13,073.30","12,809.90",13.02M,-1.51%
9/4/2018,"12,513.50","12,809.90","12,842.80","12,447.70",18.11M,-2.81%
9/5/2018,"12,381.80","12,480.60","12,612.30","12,250.10",14.60M,-1.05%
9/6/2018,"12,383.40","12,875.70","12,951.50","12,345.60",8.36M,0.01%
9/7/2018,"12,648.50","12,383.40","12,648.50","12,383.40",6.56M,2.14%
9/10/2018,"12,421.30","12,648.50","12,648.50","11,663.90",8.32M,-1.80%
9/11/2018,"12,497.00","12,383.40","12,572.80","12,383.40",10.29M,0.61%
9/12/2018,"12,459.20","12,572.80","12,610.70","12,459.20",7.83M,-0.30%
9/13/2018,"12,648.50","12,497.00","12,800.00","12,459.20",16.90M,1.52%
9/14/2018,"12,762.10","12,648.50","12,837.90","12,648.50",10.93M,0.90%
9/17/2018,"12,572.80","12,762.10","12,762.10","12,572.80",5.04M,-1.48%
9/18/2018,"12,686.40","12,497.00","12,686.40","12,459.20",6.37M,0.90%
9/19/2018,"12,686.40","12,724.30","12,837.90","12,648.50",7.39M,0.00%
9/20/2018,"12,800.00","12,686.40","12,837.90","12,648.50",9.17M,0.90%
9/21/2018,"13,027.20","12,837.90","13,027.20","12,800.00",19.26M,1.78%
9/24/2018,"12,989.40","13,065.10","13,140.80","12,989.40",7.41M,-0.29%
9/25/2018,"12,875.70","12,951.50","13,103.00","12,875.70",10.56M,-0.88%
9/26/2018,"12,837.90","12,875.70","13,027.20","12,800.00",7.70M,-0.29%
9/27/2018,"12,837.90","12,837.90","12,913.60","12,762.10",7.77M,0.00%
9/28/2018,"12,913.60","12,875.70","13,065.10","12,837.90",9.99M,0.59%
10/1/2018,"12,762.10","12,913.60","13,027.20","12,762.10",8.51M,-1.17%
10/2/2018,"12,610.70","12,762.10","12,800.00","12,497.00",13.79M,-1.19%
10/3/2018,"12,686.40","12,875.70","12,875.70","12,572.80",5.16M,0.60%
10/4/2018,"12,875.70","12,686.40","12,951.50","12,686.40",8.40M,1.49%
10/5/2018,"12,724.30","12,875.70","12,951.50","12,724.30",11.05M,-1.18%
10/8/2018,"12,762.10","12,686.40","12,837.90","12,648.50",5.74M,0.30%
10/9/2018,"12,762.10","12,762.10","12,837.90","12,724.30",7.95M,0.00%
10/10/2018,"12,724.30","12,762.10","12,837.90","12,686.40",7.40M,-0.30%
10/11/2018,"11,739.70","12,610.70","12,610.70","11,512.40",24.80M,-7.74%
10/12/2018,"12,118.40","11,588.20","12,118.40","11,361.00",13.00M,3.23%
10/15/2018,"11,739.70","12,194.10","12,194.10","11,739.70",6.35M,-3.13%
10/16/2018,"11,853.30","11,739.70","11,929.00","11,739.70",5.13M,0.97%
10/17/2018,"11,929.00","12,004.70","12,118.40","11,891.10",6.05M,0.64%
10/18/2018,"11,739.70","11,929.00","11,929.00","11,701.80",4.47M,-1.59%
10/19/2018,"11,739.70","11,701.80","12,118.40","11,436.70",5.77M,0.00%
10/22/2018,"11,663.90","11,739.70","11,853.30","11,663.90",4.35M,-0.65%
10/23/2018,"11,209.50","11,663.90","11,663.90","11,171.60",10.72M,-3.90%
10/24/2018,"11,095.90","11,209.50","11,474.60","11,095.90",9.03M,-1.01%
10/25/2018,"10,944.40","10,944.40","11,133.70","10,452.10",13.59M,-1.37%
10/26/2018,"10,717.20","11,020.10","11,323.10","10,717.20",7.62M,-2.08%
10/29/2018,"10,603.60","10,717.20","10,755.00","10,414.20",10.56M,-1.06%
10/30/2018,"10,792.90","10,603.60","11,020.10","10,527.80",9.57M,1.79%
10/31/2018,"11,474.60","10,830.80","11,474.60","10,830.80",12.66M,6.32%
11/1/2018,"11,095.90","11,474.60","11,588.20","11,095.90",7.67M,-3.30%
11/2/2018,"11,512.40","11,171.60","11,512.40","11,171.60",11.53M,3.75%
11/5/2018,"11,436.70","11,512.40","11,550.30","11,209.50",8.16M,-0.66%
11/6/2018,"11,133.70","11,436.70","11,512.40","11,133.70",7.02M,-2.65%
11/7/2018,"11,095.90","11,171.60","11,247.30","10,982.30",7.78M,-0.34%
11/8/2018,"11,133.70","11,247.30","11,361.00","11,095.90",6.89M,0.34%
11/9/2018,"10,868.60","11,133.70","11,209.50","10,868.60",7.87M,-2.38%
11/12/2018,"10,868.60","10,868.60","10,906.50","10,717.20",4.69M,0.00%
11/13/2018,"10,717.20","10,830.80","10,830.80","10,603.60",7.27M,-1.39%
11/14/2018,"10,452.10","10,679.30","10,792.90","10,376.30",8.69M,-2.47%
11/15/2018,"10,414.20","10,262.70","10,641.40","10,262.70",7.13M,-0.36%
11/16/2018,"10,792.90","10,414.20","10,944.40","10,414.20",9.29M,3.64%
11/19/2018,"10,982.30","10,717.20","10,982.30","10,717.20",5.91M,1.75%
11/20/2018,"10,944.40","10,982.30","10,982.30","10,830.80",5.73M,-0.35%
11/21/2018,"10,944.40","10,830.80","10,982.30","10,717.20",6.49M,0.00%
11/22/2018,"11,133.70","11,323.10","11,398.80","11,020.10",11.63M,1.73%
11/23/2018,"10,982.30","11,171.60","11,171.60","10,982.30",7.10M,-1.36%
11/26/2018,"11,020.10","10,792.90","11,020.10","10,792.90",4.31M,0.34%
11/27/2018,"10,906.50","11,020.10","11,095.90","10,830.80",6.87M,-1.03%
11/28/2018,"11,133.70","10,149.10","11,171.60","10,149.10",8.37M,2.08%
11/29/2018,"11,171.60","11,171.60","11,361.00","11,171.60",9.36M,0.34%
11/30/2018,"11,285.20","10,414.20","11,398.80","10,414.20",7.85M,1.02%
12/3/2018,"11,853.30","11,323.10","11,853.30","11,323.10",12.39M,5.03%
12/4/2018,"11,777.50","11,853.30","11,966.90","11,663.90",7.40M,-0.64%
12/5/2018,"11,739.70","11,701.80","11,815.40","11,512.40",9.10M,-0.32%
12/6/2018,"11,663.90","11,663.90","11,853.30","11,588.20",8.83M,-0.65%
12/7/2018,"11,588.20","11,701.80","11,853.30","11,588.20",6.04M,-0.65%
12/10/2018,"11,550.30","11,550.30","11,701.80","11,323.10",7.05M,-0.33%
12/11/2018,"11,588.20","10,414.20","11,739.70","10,414.20",6.56M,0.33%
12/12/2018,"11,701.80","11,474.60","11,701.80","11,474.60",3.06M,0.98%
12/13/2018,"11,626.00","11,739.70","11,777.50","11,626.00",4.68M,-0.65%
12/14/2018,"11,512.40","11,626.00","11,626.00","11,512.40",5.54M,-0.98%
12/17/2018,"11,209.50","11,474.60","11,512.40","11,209.50",7.25M,-2.63%
12/18/2018,"11,209.50","11,133.70","11,209.50","10,982.30",7.11M,0.00%
12/19/2018,"11,209.50","12,307.70","12,307.70","11,058.00",3.49M,0.00%
12/20/2018,"11,209.50","11,133.70","11,247.30","11,095.90",3.09M,0.00%
12/21/2018,"11,133.70","11,171.60","11,171.60","11,020.10",4.41M,-0.68%
12/24/2018,"10,982.30","10,603.60","11,171.60","10,603.60",5.91M,-1.36%
12/25/2018,"10,906.50","10,906.50","10,906.50","10,641.40",11.38M,-0.69%
12/26/2018,"10,868.60","9,846.20","10,982.30","9,846.20",4.01M,-0.35%
12/27/2018,"11,133.70","11,133.70","11,247.30","10,982.30",6.36M,2.44%
12/28/2018,"11,209.50","11,171.60","11,209.50","10,982.30",5.79M,0.68%
1/2/2019,"11,058.00","11,209.50","11,209.50","10,944.40",2.91M,-1.35%
1/3/2019,"10,641.40","9,959.80","11,020.10","9,959.80",5.17M,-3.77%
1/4/2019,"10,717.20","10,603.60","10,792.90","10,452.10",7.32M,0.71%
1/7/2019,"10,868.60","10,944.40","10,944.40","10,792.90",3.45M,1.41%
1/8/2019,"10,792.90","11,891.10","11,891.10","10,792.90",2.23M,-0.70%
1/9/2019,"10,982.30","10,830.80","11,020.10","10,792.90",5.80M,1.75%
1/10/2019,"10,944.40","10,982.30","11,020.10","10,944.40",3.64M,-0.35%
1/11/2019,"10,944.40","10,982.30","11,020.10","10,906.50",3.30M,0.00%
1/14/2019,"10,868.60","10,906.50","10,944.40","10,868.60",2.47M,-0.69%
1/15/2019,"11,020.10","10,679.30","11,020.10","10,035.50",2.38M,1.39%
1/16/2019,"10,906.50","11,020.10","11,095.90","10,906.50",1.35M,-1.03%
1/17/2019,"10,944.40","10,944.40","11,020.10","10,906.50",1.95M,0.35%
1/18/2019,"10,830.80","10,982.30","10,982.30","10,755.00",3.73M,-1.04%
1/21/2019,"11,171.60","10,868.60","11,361.00","10,868.60",5.49M,3.15%
1/22/2019,"11,020.10","11,247.30","11,285.20","11,020.10",4.87M,-1.36%
1/23/2019,"11,020.10","10,982.30","11,058.00","10,944.40",3.06M,0.00%
1/24/2019,"11,058.00","11,058.00","11,171.60","10,982.30",4.60M,0.34%
1/25/2019,"11,058.00","11,285.20","11,285.20","11,020.10",2.21M,0.00%
1/28/2019,"10,944.40","11,058.00","11,095.90","10,603.60",2.63M,-1.03%
1/29/2019,"10,982.30","10,906.50","10,982.30","10,830.80",2.88M,0.35%
1/30/2019,"11,095.90","11,739.70","11,739.70","10,982.30",4.13M,1.03%
1/31/2019,"11,133.70","11,209.50","11,285.20","11,095.90",4.42M,0.34%
2/1/2019,"11,171.60","11,133.70","11,209.50","11,095.90",2.06M,0.34%
2/11/2019,"11,436.70","11,285.20","11,701.80","11,209.50",4.53M,2.37%
2/12/2019,"11,550.30","11,436.70","11,588.20","11,436.70",5.44M,0.99%
2/13/2019,"11,550.30","11,588.20","11,626.00","11,474.60",5.53M,0.00%
2/14/2019,"11,398.80","11,550.30","11,550.30","11,398.80",3.59M,-1.31%
2/15/2019,"11,436.70","11,398.80","11,512.40","11,361.00",5.75M,0.33%
2/18/2019,"11,512.40","11,436.70","11,550.30","11,436.70",5.04M,0.66%
2/19/2019,"11,474.60","11,550.30","11,550.30","11,436.70",7.27M,-0.33%
2/20/2019,"11,512.40","11,474.60","11,550.30","11,436.70",4.47M,0.33%
2/21/2019,"11,398.80","11,512.40","11,626.00","11,398.80",7.84M,-0.99%
2/22/2019,"11,550.30","11,436.70","11,663.90","11,361.00",10.49M,1.33%
2/25/2019,"11,739.70","11,626.00","11,891.10","11,550.30",10.23M,1.64%
2/26/2019,"11,663.90","11,663.90","11,815.40","11,588.20",6.01M,-0.65%
2/27/2019,"11,588.20","11,663.90","11,701.80","11,550.30",4.08M,-0.65%
2/28/2019,"11,247.30","11,663.90","11,663.90","11,247.30",10.02M,-2.94%
3/1/2019,"11,361.00","11,285.20","11,398.80","11,171.60",3.91M,1.01%
3/4/2019,"11,512.40","11,361.00","11,550.30","11,323.10",8.24M,1.33%
3/5/2019,"11,474.60","11,512.40","11,626.00","11,398.80",6.51M,-0.33%
3/6/2019,"11,474.60","11,436.70","11,512.40","11,361.00",3.11M,0.00%
3/7/2019,"11,550.30","11,512.40","11,626.00","11,474.60",8.72M,0.66%
3/8/2019,"11,474.60","11,512.40","11,588.20","11,436.70",3.74M,-0.66%
3/11/2019,"11,512.40","11,474.60","11,588.20","11,436.70",2.73M,0.33%
3/12/2019,"11,701.80","11,550.30","11,701.80","11,474.60",6.61M,1.65%
3/13/2019,"11,891.10","11,777.50","12,004.70","11,701.80",14.45M,1.62%
3/14/2019,"11,929.00","11,891.10","12,118.40","11,853.30",6.16M,0.32%
3/15/2019,"12,004.70","11,966.90","12,042.60","11,853.30",7.00M,0.63%
3/18/2019,"12,080.50","12,042.60","12,194.10","12,004.70",9.88M,0.63%
3/19/2019,"11,853.30","12,118.40","12,118.40","11,815.40",7.47M,-1.88%
3/20/2019,"11,739.70","11,891.10","11,891.10","11,626.00",8.30M,-0.96%
3/21/2019,"11,512.40","11,739.70","11,891.10","11,512.40",7.76M,-1.94%
3/22/2019,"11,550.30","11,512.40","11,626.00","11,512.40",4.80M,0.33%
3/25/2019,"11,398.80","11,512.40","11,512.40","11,323.10",6.01M,-1.31%
3/26/2019,"11,474.60","11,436.70","11,512.40","11,398.80",4.07M,0.66%
3/27/2019,"11,512.40","11,512.40","11,588.20","11,436.70",2.26M,0.33%
3/28/2019,"11,474.60","11,512.40","11,550.30","11,436.70",3.61M,-0.33%
3/29/2019,"11,474.60","11,474.60","11,550.30","11,436.70",5.06M,0.00%
4/1/2019,"11,474.60","11,474.60","11,550.30","11,474.60",1.99M,0.00%
4/2/2019,"11,474.60","11,550.30","11,626.00","11,474.60",3.13M,0.00%
4/3/2019,"11,398.80","11,550.30","11,550.30","11,323.10",3.68M,-0.66%
4/4/2019,"11,436.70","11,323.10","11,474.60","11,323.10",2.88M,0.33%
4/5/2019,"11,436.70","11,436.70","11,512.40","11,398.80",2.03M,0.00%
4/8/2019,"11,663.90","11,436.70","11,701.80","11,436.70",5.87M,1.99%
4/9/2019,"11,550.30","11,663.90","11,739.70","11,550.30",4.76M,-0.97%
4/10/2019,"11,436.70","11,474.60","11,550.30","11,436.70",2.29M,-0.98%
4/11/2019,"11,474.60","11,588.20","11,588.20","11,398.80",2.39M,0.33%
4/12/2019,"11,436.70","11,436.70","11,474.60","11,361.00",2.78M,-0.33%
4/16/2019,"11,361.00","11,436.70","11,436.70","11,285.20",3.51M,-0.66%
4/17/2019,"11,323.10","11,398.80","11,474.60","11,323.10",1.82M,-0.33%
4/18/2019,"11,247.30","11,095.90","11,361.00","11,095.90",2.69M,-0.67%
4/19/2019,"11,209.50","11,285.20","11,323.10","11,209.50",1.58M,-0.34%
4/22/2019,"11,095.90","11,247.30","11,247.30","11,020.10",3.60M,-1.01%
4/23/2019,"11,209.50","11,133.70","11,323.10","11,020.10",4.36M,1.02%
4/24/2019,"11,398.80","11,247.30","11,436.70","11,171.60",2.81M,1.69%
4/25/2019,"11,361.00","11,398.80","11,512.40","11,323.10",1.97M,-0.33%
4/26/2019,"11,398.80","11,361.00","11,436.70","11,323.10",2.97M,0.33%
5/2/2019,"11,247.30","11,436.70","11,474.60","11,247.30",3.00M,-1.33%
5/3/2019,"11,361.00","11,285.20","11,361.00","11,285.20",2.94M,1.01%
5/6/2019,"11,133.70","11,361.00","11,361.00","11,133.70",3.65M,-2.00%
5/7/2019,"11,171.60","11,361.00","11,361.00","11,058.00",2.30M,0.34%
5/8/2019,"11,171.60","11,095.90","11,209.50","11,020.10",2.69M,0.00%
5/9/2019,"11,020.10","11,133.70","11,171.60","11,020.10",1.59M,-1.36%
5/10/2019,"11,095.90","11,020.10","11,133.70","10,982.30",1.71M,0.69%
5/13/2019,"11,058.00","11,133.70","11,209.50","11,058.00",2.41M,-0.34%
5/14/2019,"11,020.10","11,058.00","11,095.90","10,944.40",4.23M,-0.34%
5/15/2019,"11,171.60","11,020.10","11,247.30","11,020.10",3.41M,1.37%
5/16/2019,"11,095.90","11,209.50","11,209.50","11,058.00",3.87M,-0.68%
5/17/2019,"11,058.00","11,095.90","11,133.70","11,058.00",2.25M,-0.34%
5/20/2019,"11,095.90","11,095.90","11,171.60","11,020.10",1.78M,0.34%
5/21/2019,"11,133.70","11,133.70","11,247.30","11,095.90",3.66M,0.34%
5/22/2019,"11,209.50","11,133.70","11,323.10","11,133.70",3.37M,0.68%
5/23/2019,"11,171.60","11,323.10","11,361.00","11,095.90",1.67M,-0.34%
5/24/2019,"11,058.00","10,300.60","11,171.60","10,300.60",2.35M,-1.02%
5/27/2019,"10,982.30","11,020.10","11,058.00","10,982.30",2.41M,-0.68%
5/28/2019,"10,944.40","10,982.30","11,058.00","10,944.40",2.49M,-0.35%
5/29/2019,"11,058.00","10,944.40","11,058.00","10,868.60",2.86M,1.04%
5/30/2019,"11,020.10","11,020.10","11,058.00","10,982.30",1.92M,-0.34%
5/31/2019,"10,982.30","10,982.30","11,020.10","10,868.60",2.71M,-0.34%
6/3/2019,"10,868.60","10,868.60","10,982.30","10,830.80",3.04M,-1.04%
6/4/2019,"10,830.80","10,868.60","10,982.30","10,830.80",2.30M,-0.35%
6/5/2019,"10,944.40","10,830.80","10,944.40","10,830.80",2.79M,1.05%
6/6/2019,"10,792.90","10,944.40","10,944.40","10,755.00",2.41M,-1.38%
6/7/2019,"10,868.60","10,792.90","10,906.50","10,792.90",744.89K,0.70%
6/10/2019,"10,830.80","10,868.60","10,944.40","10,830.80",1.22M,-0.35%
6/11/2019,"10,830.80","10,830.80","10,868.60","10,830.80",1.49M,0.00%
6/12/2019,"10,792.90","10,830.80","10,868.60","10,792.90",1.47M,-0.35%
6/13/2019,"10,830.80","10,792.90","10,868.60","10,792.90",2.24M,0.35%
6/14/2019,"10,868.60","10,830.80","10,982.30","10,830.80",2.77M,0.35%
6/17/2019,"10,868.60","10,868.60","10,944.40","10,830.80",2.37M,0.00%
6/18/2019,"10,944.40","10,868.60","10,982.30","10,868.60",2.03M,0.70%
6/19/2019,"10,944.40","10,944.40","11,020.10","10,906.50",1.34M,0.00%
6/20/2019,"11,209.50","10,944.40","11,209.50","10,906.50",3.79M,2.42%
6/21/2019,"11,171.60","11,209.50","11,361.00","11,133.70",2.18M,-0.34%
6/24/2019,"11,171.60","11,171.60","11,247.30","11,133.70",3.75M,0.00%
6/25/2019,"11,058.00","11,171.60","11,209.50","10,982.30",3.52M,-1.02%
6/26/2019,"10,982.30","10,982.30","11,058.00","10,982.30",1.03M,-0.68%
6/27/2019,"10,830.80","10,982.30","11,020.10","10,830.80",2.31M,-1.38%
6/28/2019,"10,944.40","10,830.80","10,944.40","10,792.90",1.77M,1.05%
7/1/2019,"11,058.00","11,133.70","11,133.70","10,982.30",1.69M,1.04%
7/2/2019,"10,944.40","11,058.00","11,058.00","10,944.40",1.03M,-1.03%
7/3/2019,"10,906.50","10,982.30","11,020.10","10,868.60",1.70M,-0.35%
7/4/2019,"11,058.00","10,944.40","11,095.90","10,944.40",2.44M,1.39%
7/5/2019,"11,058.00","11,095.90","11,133.70","11,020.10",2.11M,0.00%
7/8/2019,"10,982.30","11,058.00","11,133.70","10,944.40",1.13M,-0.68%
7/9/2019,"11,285.20","10,982.30","11,285.20","10,982.30",7.34M,2.76%
7/10/2019,"11,209.50","11,285.20","11,361.00","11,209.50",2.96M,-0.67%
7/11/2019,"11,436.70","11,209.50","11,512.40","11,209.50",5.50M,2.03%
7/12/2019,"11,398.80","11,474.60","11,512.40","11,361.00",2.35M,-0.33%
7/15/2019,"11,361.00","11,398.80","11,436.70","11,323.10",2.46M,-0.33%
7/16/2019,"11,436.70","11,361.00","11,512.40","11,361.00",3.16M,0.67%
7/17/2019,"11,626.00","11,436.70","11,701.80","11,436.70",6.62M,1.66%
7/18/2019,"11,663.90","11,512.40","11,663.90","11,436.70",4.23M,0.33%
7/19/2019,"11,815.40","12,118.40","12,118.40","11,663.90",7.60M,1.30%
7/22/2019,"11,739.70","12,989.40","12,989.40","11,626.00",5.03M,-0.64%
7/23/2019,"11,663.90","11,739.70","11,777.50","11,626.00",5.15M,-0.65%
7/24/2019,"11,626.00","11,663.90","11,777.50","11,474.60",10.46M,-0.32%
7/25/2019,"11,667.70","11,716.90","11,864.60","11,667.70",4.26M,0.36%
7/26/2019,"11,520.00","11,716.90","11,716.90","11,470.80",2.14M,-1.27%
7/29/2019,"11,323.10","11,421.50","11,520.00","11,273.80",2.56M,-1.71%
7/30/2019,"11,273.80","11,224.60","11,470.80","11,224.60",2.23M,-0.44%
7/31/2019,"11,224.60","11,372.30","11,372.30","11,175.40",1.82M,-0.44%
8/1/2019,"11,076.90","11,175.40","11,323.10","11,027.70",3.87M,-1.32%
8/2/2019,"10,978.50","11,076.90","11,126.20","10,830.80",3.60M,-0.89%
8/5/2019,"10,830.80","10,978.50","10,978.50","10,732.30",5.16M,-1.35%
8/6/2019,"10,683.10","10,092.30","10,781.50","10,092.30",3.70M,-1.36%
8/7/2019,"10,633.80","10,732.30","10,830.80","10,633.80",2.10M,-0.46%
8/8/2019,"10,830.80","10,141.50","10,830.80","9,846.20",2.17M,1.85%
8/9/2019,"10,781.50","10,535.40","10,978.50","10,535.40",1.47M,-0.46%
8/12/2019,"10,830.80","10,830.80","10,830.80","10,732.30",1.17M,0.46%
8/13/2019,"10,781.50","10,781.50","10,830.80","10,633.80",1.17M,-0.46%
8/14/2019,"10,683.10","10,830.80","10,929.20","10,683.10",1.84M,-0.91%
8/15/2019,"10,683.10","10,683.10","10,683.10","10,486.20",2.99M,0.00%
8/16/2019,"10,781.50","10,781.50","10,880.00","10,584.60",3.12M,0.92%
8/19/2019,"10,830.80","10,830.80","10,978.50","10,781.50",2.46M,0.46%
8/20/2019,"10,929.20","10,880.00","10,978.50","10,880.00",2.68M,0.91%
8/21/2019,"10,978.50","10,929.20","11,027.70","10,880.00",5.67M,0.45%
8/22/2019,"11,175.40","11,076.90","11,224.60","11,027.70",3.36M,1.79%
8/23/2019,"11,126.20","11,175.40","11,224.60","11,027.70",1.66M,-0.44%
8/26/2019,"11,076.90","11,076.90","11,076.90","10,880.00",2.06M,-0.44%
8/27/2019,"11,076.90","11,027.70","11,126.20","10,978.50",2.06M,0.00%
8/28/2019,"10,929.20","11,027.70","11,076.90","10,929.20",1.04M,-1.33%
8/29/2019,"10,880.00","10,978.50","11,027.70","10,830.80",1.29M,-0.45%
8/30/2019,"10,929.20","10,978.50","11,076.90","10,880.00",1.11M,0.45%
9/3/2019,"10,880.00","10,929.20","11,027.70","10,781.50",984.95K,-0.45%
9/4/2019,"10,830.80","10,880.00","10,880.00","10,732.30",742.06K,-0.45%
9/5/2019,"10,830.80","10,880.00","10,880.00","10,781.50",1.27M,0.00%
9/6/2019,"10,781.50","10,830.80","10,880.00","10,683.10",1.05M,-0.46%
9/9/2019,"10,781.50","10,732.30","10,830.80","10,683.10",750.57K,0.00%
9/10/2019,"10,683.10","10,781.50","10,781.50","10,633.80",1.67M,-0.91%
9/11/2019,"10,732.30","10,683.10","10,732.30","10,633.80",873.21K,0.46%
9/12/2019,"10,929.20","10,781.50","10,929.20","10,732.30",1.26M,1.83%
9/13/2019,"11,126.20","10,978.50","11,126.20","10,880.00",2.69M,1.80%
9/16/2019,"11,027.70","11,126.20","11,175.40","10,978.50",2.52M,-0.89%
9/17/2019,"10,978.50","11,027.70","11,027.70","10,880.00",2.42M,-0.45%
9/18/2019,"11,027.70","10,978.50","11,126.20","10,929.20",3.13M,0.45%
9/19/2019,"11,372.30","11,027.70","11,421.50","10,978.50",6.95M,3.12%
9/20/2019,"11,421.50","11,569.20","12,504.60","11,372.30",5.15M,0.43%
9/23/2019,"11,470.80","11,421.50","11,618.50","11,372.30",5.85M,0.43%
9/24/2019,"11,421.50","11,470.80","11,520.00","11,372.30",2.69M,-0.43%
9/25/2019,"11,323.10","11,372.30","11,421.50","11,273.80",3.09M,-0.86%
9/26/2019,"11,470.80","11,323.10","11,470.80","11,273.80",4.71M,1.30%
9/27/2019,"11,421.50","12,307.70","12,307.70","11,421.50",4.39M,-0.43%
9/30/2019,"11,520.00","11,470.80","11,618.50","11,421.50",4.68M,0.86%
10/1/2019,"11,667.70","11,520.00","11,667.70","11,470.80",3.75M,1.28%
10/2/2019,"11,618.50","11,569.20","11,716.90","11,569.20",4.39M,-0.42%
10/3/2019,"11,618.50","11,569.20","11,618.50","11,470.80",3.77M,0.00%
10/4/2019,"11,618.50","11,618.50","11,716.90","11,569.20",3.21M,0.00%
10/7/2019,"11,421.50","11,618.50","11,618.50","11,421.50",3.92M,-1.70%
10/8/2019,"11,470.80","11,421.50","11,520.00","11,372.30",2.36M,0.43%
10/9/2019,"11,667.70","11,520.00","11,667.70","11,470.80",3.48M,1.72%
10/10/2019,"11,815.40","11,667.70","11,963.10","11,667.70",9.87M,1.27%
10/11/2019,"11,815.40","11,815.40","11,913.80","11,766.20",3.10M,0.00%
10/14/2019,"12,061.50","11,815.40","12,061.50","11,815.40",7.19M,2.08%
10/15/2019,"12,012.30","12,061.50","12,110.80","11,963.10",4.73M,-0.41%
10/16/2019,"12,012.30","12,061.50","12,110.80","12,012.30",4.21M,0.00%
10/17/2019,"12,012.30","11,963.10","12,012.30","11,864.60",3.89M,0.00%
10/18/2019,"11,864.60","12,061.50","12,061.50","11,815.40",3.79M,-1.23%
10/21/2019,"11,520.00","11,815.40","11,913.80","11,520.00",5.57M,-2.90%
10/22/2019,"11,569.20","11,520.00","11,569.20","11,470.80",3.37M,0.43%
10/23/2019,"11,569.20","11,569.20","11,667.70","11,569.20",2.00M,0.00%
10/24/2019,"11,618.50","11,618.50","11,618.50","11,520.00",1.87M,0.43%
10/25/2019,"11,618.50","11,618.50","11,618.50","11,520.00",2.25M,0.00%
10/28/2019,"11,667.70","11,618.50","11,766.20","11,618.50",2.21M,0.42%
10/29/2019,"11,667.70","11,716.90","11,766.20","11,618.50",3.46M,0.00%
10/30/2019,"11,963.10","11,716.90","12,012.30","11,618.50",15.09M,2.53%
10/31/2019,"11,864.60","11,963.10","12,012.30","11,864.60",2.63M,-0.82%
11/1/2019,"11,913.80","11,667.70","11,963.10","11,667.70",3.87M,0.41%
11/4/2019,"12,110.80","11,913.80","12,160.00","11,913.80",8.00M,1.65%
11/5/2019,"12,110.80","12,160.00","12,258.50","12,110.80",7.27M,0.00%
11/6/2019,"12,110.80","12,209.20","12,209.20","12,061.50",5.09M,0.00%
11/7/2019,"12,110.80","12,110.80","12,160.00","12,061.50",4.27M,0.00%
11/8/2019,"12,209.20","12,258.50","12,356.90","12,110.80",7.97M,0.81%
11/11/2019,"12,160.00","12,209.20","12,258.50","12,160.00",3.49M,-0.40%
11/12/2019,"12,160.00","12,160.00","12,160.00","12,061.50",3.20M,0.00%
11/13/2019,"12,307.70","12,160.00","12,455.40","12,160.00",7.26M,1.21%
11/14/2019,"12,061.50","12,307.70","12,356.90","12,061.50",4.65M,-2.00%
11/15/2019,"12,012.30","12,012.30","12,110.80","12,012.30",3.36M,-0.41%
11/18/2019,"11,864.60","12,012.30","12,061.50","11,815.40",5.61M,-1.23%
11/19/2019,"11,913.80","11,864.60","11,913.80","11,815.40",2.84M,0.41%
11/20/2019,"11,766.20","11,963.10","11,963.10","11,766.20",2.76M,-1.24%
11/21/2019,"11,815.40","10,830.80","11,864.60","10,830.80",3.62M,0.42%
11/22/2019,"11,421.50","11,815.40","11,815.40","11,372.30",6.83M,-3.33%
11/25/2019,"11,520.00","11,470.80","11,618.50","11,421.50",3.96M,0.86%
11/26/2019,"11,618.50","11,569.20","11,667.70","11,569.20",1.17M,0.86%
11/27/2019,"11,421.50","11,618.50","11,667.70","11,421.50",1.94M,-1.70%
11/28/2019,"11,273.80","11,470.80","11,470.80","11,224.60",3.43M,-1.29%
11/29/2019,"11,372.30","11,273.80","11,372.30","11,224.60",1.63M,0.87%
12/2/2019,"11,126.20","11,372.30","11,421.50","11,076.90",3.33M,-2.16%
12/3/2019,"11,126.20","11,175.40","11,273.80","11,027.70",2.89M,0.00%
12/4/2019,"11,372.30","11,175.40","11,372.30","11,076.90",2.67M,2.21%
12/5/2019,"11,323.10","11,421.50","11,421.50","11,273.80",2.52M,-0.43%
12/6/2019,"11,323.10","11,323.10","11,372.30","11,273.80",1.42M,0.00%
12/9/2019,"11,273.80","11,323.10","11,323.10","11,175.40",1.65M,-0.44%
12/10/2019,"11,224.60","11,273.80","11,323.10","11,126.20",1.17M,-0.44%
12/11/2019,"11,273.80","11,224.60","11,273.80","11,126.20",1.60M,0.44%
12/12/2019,"11,323.10","11,273.80","11,372.30","11,273.80",1.33M,0.44%
12/13/2019,"11,421.50","11,323.10","11,470.80","11,323.10",2.94M,0.87%
12/16/2019,"11,323.10","11,421.50","11,421.50","11,323.10",1.93M,-0.86%
12/17/2019,"11,224.60","11,323.10","11,323.10","11,224.60",1.91M,-0.87%
12/18/2019,"11,076.90","11,175.40","11,224.60","11,076.90",2.30M,-1.32%
12/19/2019,"11,076.90","11,126.20","11,126.20","11,027.70",1.27M,0.00%
12/20/2019,"11,175.40","11,126.20","11,175.40","11,076.90",2.12M,0.89%
12/23/2019,"11,224.60","11,175.40","11,323.10","11,175.40",3.63M,0.44%
12/24/2019,"11,175.40","11,273.80","11,273.80","11,175.40",1.67M,-0.44%
12/25/2019,"11,273.80","11,224.60","11,273.80","11,126.20",2.28M,0.88%
12/26/2019,"11,126.20","11,224.60","11,224.60","11,126.20",1.82M,-1.31%
12/27/2019,"11,175.40","11,126.20","11,175.40","11,076.90",1.84M,0.44%
12/30/2019,"11,175.40","11,175.40","11,273.80","11,126.20",2.78M,0.00%
12/31/2019,"11,224.60","11,175.40","11,273.80","11,076.90",3.35M,0.44%
1/2/2020,"11,323.10","11,224.60","11,323.10","11,175.40",2.36M,0.88%
1/3/2020,"11,323.10","11,323.10","11,421.50","11,273.80",2.14M,0.00%
1/6/2020,"11,076.90","11,323.10","11,323.10","11,076.90",2.61M,-2.17%
1/7/2020,"11,076.90","11,076.90","11,175.40","11,076.90",2.13M,0.00%
1/8/2020,"10,880.00","11,076.90","11,076.90","10,830.80",4.68M,-1.78%
1/9/2020,"11,027.70","10,929.20","11,126.20","10,929.20",2.89M,1.36%
1/10/2020,"11,175.40","11,076.90","11,372.30","11,076.90",4.82M,1.34%
1/13/2020,"11,273.80","11,273.80","11,273.80","11,175.40",3.09M,0.88%
1/14/2020,"11,569.20","11,273.80","11,569.20","11,273.80",5.79M,2.62%
1/15/2020,"11,470.80","11,569.20","11,569.20","11,421.50",2.35M,-0.85%
1/16/2020,"11,766.20","11,470.80","11,815.40","11,470.80",5.73M,2.58%
1/17/2020,"11,716.90","11,815.40","11,864.60","11,667.70",5.50M,-0.42%
1/20/2020,"11,963.10","11,716.90","12,160.00","11,716.90",9.03M,2.10%
1/21/2020,"12,061.50","12,061.50","12,160.00","11,963.10",3.61M,0.82%
1/22/2020,"12,061.50","12,110.80","12,110.80","11,963.10",3.20M,0.00%
1/30/2020,"11,618.50","11,913.80","11,963.10","11,421.50",8.63M,-3.67%
1/31/2020,"11,323.10","11,569.20","11,716.90","11,273.80",8.62M,-2.54%
2/3/2020,"11,126.20","10,978.50","11,323.10","10,683.10",9.00M,-1.74%
2/4/2020,"11,421.50","11,273.80","11,421.50","11,076.90",4.87M,2.65%
2/5/2020,"11,323.10","11,520.00","11,569.20","11,273.80",5.67M,-0.86%
2/6/2020,"11,815.40","11,372.30","11,815.40","11,323.10",6.06M,4.35%
2/7/2020,"11,716.90","11,815.40","11,864.60","11,618.50",4.08M,-0.83%
2/10/2020,"11,618.50","11,716.90","11,766.20","11,520.00",2.58M,-0.84%
2/11/2020,"11,667.70","11,618.50","11,716.90","11,569.20",3.78M,0.42%
2/12/2020,"12,603.10","11,716.90","12,652.30","11,716.90",21.36M,8.02%
2/13/2020,"12,553.80","12,603.10","12,652.30","12,356.90",7.66M,-0.39%
2/14/2020,"12,996.90","12,553.80","13,193.90","12,553.80",16.29M,3.53%
2/17/2020,"12,996.90","12,947.70","13,144.60","12,800.00",7.65M,0.00%
2/18/2020,"13,095.40","12,996.90","13,341.50","12,947.70",12.78M,0.76%
2/19/2020,"12,947.70","13,046.20","13,144.60","12,750.80",10.34M,-1.13%
2/20/2020,"12,996.90","12,947.70","13,292.30","12,849.20",11.33M,0.38%
2/21/2020,"12,652.30","12,258.50","13,095.40","12,258.50",12.87M,-2.65%
2/24/2020,"11,815.40","12,553.80","12,603.10","11,716.90",20.96M,-6.61%
2/25/2020,"12,356.90","11,569.20","12,356.90","11,372.30",16.82M,4.58%
2/26/2020,"12,110.80","12,307.70","12,356.90","11,963.10",9.18M,-1.99%
2/27/2020,"12,553.80","11,913.80","12,553.80","11,913.80",10.79M,3.66%
2/28/2020,"12,406.20","11,323.10","12,455.40","11,323.10",12.11M,-1.18%
3/2/2020,"12,406.20","12,012.30","12,553.80","12,012.30",7.37M,0.00%
3/3/2020,"12,603.10","12,603.10","12,750.80","12,455.40",12.93M,1.59%
3/4/2020,"12,701.50","12,603.10","12,701.50","12,455.40",10.25M,0.78%
3/5/2020,"12,603.10","12,800.00","12,996.90","12,504.60",12.12M,-0.77%
3/6/2020,"12,455.40","12,553.80","12,553.80","12,356.90",8.04M,-1.17%
3/9/2020,"11,470.80","12,160.00","12,160.00","11,323.10",34.08M,-7.91%
3/10/2020,"11,913.80","11,323.10","12,209.20","11,273.80",15.40M,3.86%
3/11/2020,"11,520.00","11,963.10","12,012.30","11,323.10",15.93M,-3.31%
3/12/2020,"10,880.00","11,323.10","11,323.10","10,584.60",22.51M,-5.56%
3/13/2020,"10,830.80","10,584.60","11,076.90","10,092.30",18.32M,-0.45%
3/16/2020,"10,289.20","10,830.80","10,978.50","10,190.80",9.37M,-5.00%
3/17/2020,"10,387.70","10,240.00","10,535.40","9,895.40",13.34M,0.96%
3/18/2020,"10,436.90","10,486.20","10,633.80","10,289.20",10.04M,0.47%
3/19/2020,"10,387.70","10,338.50","10,486.20","10,190.80",8.30M,-0.47%
3/20/2020,"10,535.40","11,421.50","11,421.50","10,338.50",6.79M,1.42%
3/23/2020,"9,501.50","10,436.90","10,535.40","9,501.50",20.36M,-9.81%
3/24/2020,"9,649.20","9,403.10","9,796.90","9,403.10",8.77M,1.55%
3/25/2020,"10,092.30","9,846.20","10,240.00","9,846.20",8.36M,4.59%
3/26/2020,"9,698.50","10,141.50","10,141.50","9,698.50",7.38M,-3.90%
3/27/2020,"9,698.50","9,698.50","9,895.40","9,600.00",8.09M,0.00%
3/30/2020,"8,960.00","9,600.00","9,600.00","8,812.30",12.04M,-7.61%
3/31/2020,"8,763.10","8,960.00","9,255.40","8,566.20",9.21M,-2.20%
4/1/2020,"9,156.90","7,926.20","9,353.80","7,926.20",5.61M,4.49%
4/3/2020,"9,403.10","8,910.80","9,550.80","8,910.80",7.26M,2.69%
4/6/2020,"10,141.50","9,550.80","10,240.00","9,403.10",11.69M,7.85%
4/7/2020,"9,993.80","10,338.50","10,338.50","9,846.20",9.07M,-1.46%
4/8/2020,"9,944.60","10,978.50","10,978.50","9,698.50",4.74M,-0.49%
4/9/2020,"9,846.20","10,929.20","10,929.20","9,846.20",8.27M,-0.99%
4/10/2020,"9,747.70","9,353.80","9,944.60","9,353.80",5.11M,-1.00%
4/13/2020,"9,846.20","8,812.30","10,043.10","8,812.30",3.91M,1.01%
4/14/2020,"9,846.20","9,846.20","9,944.60","9,698.50",6.43M,0.00%
4/15/2020,"9,944.60","9,846.20","10,190.80","9,846.20",7.49M,1.00%
4/16/2020,"10,043.10","9,944.60","10,043.10","9,895.40",3.85M,0.99%
4/17/2020,"10,338.50","10,092.30","10,387.70","10,092.30",9.77M,2.94%
4/20/2020,"10,190.80","10,436.90","10,436.90","10,141.50",6.22M,-1.43%
4/21/2020,"9,747.70","10,141.50","10,141.50","9,698.50",12.22M,-4.35%
4/22/2020,"10,043.10","9,747.70","10,043.10","9,550.80",5.36M,3.03%
4/23/2020,"9,993.80","10,092.30","10,240.00","9,993.80",4.22M,-0.49%
4/24/2020,"9,993.80","9,944.60","10,043.10","9,846.20",2.57M,0.00%
4/27/2020,"9,895.40","9,993.80","10,141.50","9,846.20",3.67M,-0.98%
4/28/2020,"9,993.80","9,895.40","10,043.10","9,846.20",2.53M,0.99%
4/29/2020,"10,092.30","9,993.80","10,092.30","9,944.60",2.43M,0.99%
5/4/2020,"9,993.80","10,092.30","10,092.30","9,895.40",2.43M,-0.98%
5/5/2020,"9,993.80","9,944.60","10,043.10","9,944.60",2.29M,0.00%
5/6/2020,"10,240.00","10,043.00","10,437.00","9,945.00",9.05M,2.46%
5/7/2020,"10,437.00","10,289.00","10,437.00","10,240.00",6.04M,1.92%
5/8/2020,"10,535.00","10,486.00","10,782.00","10,338.00",12.18M,0.94%
5/11/2020,"10,683.00","10,782.00","10,782.00","10,535.00",8.35M,1.40%
5/12/2020,"10,732.00","10,683.00","10,831.00","10,535.00",8.24M,0.46%
5/13/2020,"10,683.00","10,831.00","10,831.00","10,585.00",7.02M,-0.46%
5/14/2020,"10,535.00","10,683.00","10,732.00","10,535.00",7.77M,-1.39%
5/15/2020,"10,683.00","10,585.00","10,929.00","10,535.00",14.09M,1.40%
5/18/2020,"10,732.00","10,782.00","10,782.00","10,535.00",5.63M,0.46%
5/19/2020,"10,929.00","10,831.00","11,077.00","10,831.00",11.30M,1.84%
5/20/2020,"10,929.00","10,880.00","11,028.00","10,831.00",6.33M,0.00%
5/21/2020,"11,028.00","10,929.00","11,175.00","10,782.00",9.39M,0.91%
5/22/2020,"11,028.00","11,077.00","11,175.00","10,978.00",9.83M,0.00%
5/25/2020,"11,126.00","11,077.00","11,175.00","10,978.00",7.15M,0.89%
5/26/2020,"11,471.00","11,077.00","11,569.00","11,077.00",10.70M,3.10%
5/27/2020,"11,225.00","11,569.00","11,668.00","11,225.00",12.98M,-2.14%
5/28/2020,"11,274.00","11,225.00","11,422.00","11,225.00",7.25M,0.44%
5/29/2020,"11,274.00","11,274.00","11,323.00","11,175.00",4.86M,0.00%
6/1/2020,"12,357.00","11,323.00","12,357.00","11,274.00",28.15M,9.61%
6/2/2020,"12,209.00","12,554.00","13,046.00","12,209.00",22.21M,-1.20%
6/3/2020,"12,554.00","12,209.00","12,554.00","12,209.00",7.64M,2.83%
6/4/2020,"12,455.00","12,603.00","12,652.00","12,406.00",10.48M,-0.79%
6/5/2020,"12,406.00","12,505.00","12,505.00","12,258.00",8.18M,-0.39%
6/8/2020,"12,505.00","12,406.00","12,800.00","12,406.00",12.37M,0.80%
6/9/2020,"12,554.00","12,554.00","12,603.00","12,406.00",7.17M,0.39%
6/10/2020,"12,603.00","12,554.00","12,751.00","12,406.00",13.19M,0.39%
6/11/2020,"12,062.00","12,603.00","12,702.00","12,012.00",18.63M,-4.29%
6/12/2020,"12,062.00","11,815.00","12,062.00","11,520.00",13.50M,0.00%
6/15/2020,"11,471.00","12,160.00","12,160.00","11,422.00",11.96M,-4.90%
6/16/2020,"11,717.00","11,618.00","11,914.00","11,618.00",8.53M,2.14%
6/17/2020,"11,668.00","11,963.00","11,963.00","11,569.00",3.25M,-0.42%
6/18/2020,"11,717.00","11,668.00","11,766.00","11,520.00",2.64M,0.42%
6/19/2020,"12,012.00","11,717.00","12,062.00","11,717.00",4.74M,2.52%
6/22/2020,"11,865.00","12,012.00","12,160.00","11,815.00",4.58M,-1.22%
6/23/2020,"11,815.00","11,914.00","12,012.00","11,766.00",6.67M,-0.42%
6/24/2020,"11,717.00","11,815.00","11,963.00","11,668.00",6.12M,-0.83%
6/25/2020,"11,668.00","11,668.00","11,717.00","11,569.00",5.08M,-0.42%
6/26/2020,"11,618.00","11,717.00","11,815.00","11,618.00",2.84M,-0.43%
6/29/2020,"11,274.00","11,618.00","11,618.00","11,175.00",8.84M,-2.96%
6/30/2020,"11,225.00","11,323.00","11,471.00","11,028.00",7.28M,-0.43%
7/1/2020,"11,422.00","11,225.00","11,471.00","11,225.00",3.40M,1.76%
7/2/2020,"11,372.00","11,422.00","11,520.00","11,323.00",2.17M,-0.44%
7/3/2020,"11,323.00","11,422.00","11,471.00","11,323.00",2.58M,-0.43%
7/6/2020,"11,618.00","11,323.00","11,668.00","11,323.00",6.51M,2.61%
7/7/2020,"11,668.00","11,668.00","11,815.00","11,668.00",4.85M,0.43%
7/8/2020,"11,766.00","11,618.00","11,815.00","11,618.00",3.35M,0.84%
7/9/2020,"11,963.00","11,766.00","11,963.00","11,766.00",4.57M,1.67%
7/10/2020,"11,815.00","11,963.00","12,012.00","11,717.00",4.64M,-1.24%
7/13/2020,"11,766.00","11,865.00","11,914.00","11,717.00",3.74M,-0.41%
7/14/2020,"11,815.00","11,766.00","11,865.00","11,668.00",2.86M,0.42%
7/15/2020,"11,815.00","11,914.00","11,914.00","11,815.00",3.19M,0.00%
7/16/2020,"11,815.00","11,914.00","11,914.00","11,766.00",1.83M,0.00%
7/17/2020,"12,209.00","11,865.00","12,308.00","11,815.00",16.03M,3.33%
7/20/2020,"12,062.00","12,209.00","12,258.00","12,062.00",5.33M,-1.20%
7/21/2020,"12,111.00","12,062.00","12,111.00","11,914.00",4.46M,0.41%
7/22/2020,"12,012.00","12,111.00","12,209.00","11,914.00",3.51M,-0.82%
7/23/2020,"11,914.00","12,012.00","12,012.00","11,815.00",3.97M,-0.82%
7/24/2020,"11,422.00","11,963.00","11,963.00","11,077.00",11.24M,-4.13%
7/27/2020,"10,732.00","10,289.00","11,274.00","10,289.00",12.68M,-6.04%
7/28/2020,"11,274.00","10,732.00","11,274.00","10,585.00",5.28M,5.05%
7/29/2020,"10,929.00","11,175.00","11,225.00","10,634.00",10.01M,-3.06%
7/30/2020,"11,126.00","10,683.00","11,126.00","10,683.00",3.89M,1.80%
7/31/2020,"11,077.00","11,175.00","11,175.00","10,880.00",4.51M,-0.44%
8/3/2020,"11,422.00","10,880.00","11,422.00","10,880.00",6.18M,3.11%
8/4/2020,"11,668.00","11,471.00","11,766.00","11,471.00",5.91M,2.15%
8/5/2020,"11,815.00","11,766.00","12,012.00","11,668.00",11.12M,1.26%
8/6/2020,"11,717.00","11,865.00","11,865.00","11,668.00",3.81M,-0.83%
8/7/2020,"11,668.00","11,766.00","11,865.00","11,569.00",4.37M,-0.42%
8/10/2020,"11,717.00","11,668.00","11,865.00","11,668.00",5.23M,0.42%
8/11/2020,"12,505.00","11,815.00","12,505.00","11,766.00",31.15M,6.73%
8/12/2020,"12,505.00","12,702.00","12,751.00","12,406.00",12.37M,0.00%
8/13/2020,"12,554.00","12,505.00","12,603.00","12,455.00",7.73M,0.39%
8/14/2020,"12,455.00","12,554.00","12,554.00","12,308.00",13.57M,-0.79%
8/17/2020,"12,702.00","12,455.00","12,702.00","12,406.00",12.64M,1.98%
8/18/2020,"12,603.00","12,800.00","12,849.00","12,603.00",9.57M,-0.78%
8/19/2020,"12,603.00","12,652.00","12,702.00","12,505.00",18.82M,0.00%
8/20/2020,"13,312.00","13,184.00","13,568.00","12,800.00",30.43M,5.63%
8/21/2020,"13,568.00","13,312.00","13,568.00","13,184.00",11.55M,1.92%
8/24/2020,"13,440.00","13,568.00","13,760.00","13,440.00",10.66M,-0.94%
8/25/2020,"13,504.00","13,440.00","13,568.00","13,312.00",12.19M,0.48%
8/26/2020,"13,568.00","13,504.00","13,632.00","13,376.00",9.40M,0.47%
8/27/2020,"13,760.00","13,568.00","13,760.00","13,504.00",7.60M,1.42%
8/28/2020,"13,696.00","13,824.00","13,952.00","13,632.00",10.86M,-0.47%
8/31/2020,"13,568.00","13,696.00","13,760.00","13,504.00",10.95M,-0.93%
9/1/2020,"13,504.00","13,568.00","13,632.00","13,440.00",12.22M,-0.47%
9/3/2020,"13,568.00","13,504.00","13,696.00","13,440.00",9.50M,0.47%
9/4/2020,"13,504.00","13,440.00","13,568.00","13,312.00",7.29M,-0.47%
9/7/2020,"13,312.00","13,504.00","13,568.00","13,312.00",9.48M,-1.42%
9/8/2020,"13,184.00","13,312.00","13,376.00","13,184.00",19.18M,-0.96%
9/9/2020,"13,376.00","13,184.00","13,376.00","12,992.00",7.85M,1.46%
9/10/2020,"13,376.00","13,376.00","13,568.00","13,376.00",5.08M,0.00%
9/11/2020,"13,312.00","13,376.00","13,440.00","13,248.00",3.67M,-0.48%
9/14/2020,"13,568.00","13,312.00","13,632.00","13,312.00",8.24M,1.92%
9/15/2020,"13,632.00","13,568.00","13,696.00","13,504.00",7.24M,0.47%
9/16/2020,"13,568.00","13,568.00","13,632.00","13,504.00",3.43M,-0.47%
9/17/2020,"13,760.00","13,632.00","13,952.00","13,504.00",19.26M,1.42%
9/18/2020,"13,888.00","13,760.00","13,888.00","13,696.00",5.13M,0.93%
9/21/2020,"14,080.00","13,952.00","14,272.00","13,824.00",11.32M,1.38%
9/22/2020,"14,272.00","14,080.00","14,272.00","13,888.00",13.78M,1.36%
9/23/2020,"14,400.00","14,272.00","14,592.00","14,272.00",10.17M,0.90%
9/24/2020,"14,208.00","14,336.00","14,464.00","14,080.00",8.75M,-1.33%
9/25/2020,"14,208.00","14,208.00","14,336.00","14,016.00",10.03M,0.00%
9/28/2020,"14,464.00","14,208.00","14,592.00","14,208.00",12.82M,1.80%
9/29/2020,"14,336.00","14,528.00","14,592.00","14,272.00",9.25M,-0.88%
9/30/2020,"14,400.00","14,336.00","14,400.00","14,208.00",5.66M,0.45%
10/1/2020,"14,400.00","14,272.00","14,592.00","14,208.00",10.17M,0.00%
10/2/2020,"14,720.00","14,336.00","15,040.00","14,336.00",36.75M,2.22%
10/5/2020,"15,104.00","14,720.00","15,104.00","14,656.00",20.14M,2.61%
10/6/2020,"15,360.00","15,104.00","15,488.00","15,104.00",17.15M,1.69%
10/7/2020,"14,976.00","15,360.00","15,424.00","14,912.00",27.65M,-2.50%
10/8/2020,"14,848.00","14,848.00","15,168.00","14,720.00",21.72M,-0.85%
10/9/2020,"15,040.00","14,848.00","15,232.00","14,784.00",13.63M,1.29%
10/12/2020,"14,912.00","15,168.00","15,232.00","14,912.00",13.51M,-0.85%
10/13/2020,"14,976.00","14,976.00","14,976.00","14,784.00",8.32M,0.43%
10/14/2020,"15,360.00","15,040.00","15,424.00","14,976.00",31.71M,2.56%
10/15/2020,"15,680.00","15,360.00","15,872.00","15,296.00",25.55M,2.08%
10/16/2020,"15,808.00","15,680.00","16,000.00","15,488.00",13.62M,0.82%
10/19/2020,"16,192.00","16,000.00","16,448.00","15,936.00",22.13M,2.43%
10/20/2020,"16,192.00","16,256.00","16,384.00","16,000.00",17.75M,0.00%
10/21/2020,"16,128.00","16,256.00","16,384.00","16,128.00",13.86M,-0.40%
10/22/2020,"16,384.00","16,192.00","16,640.00","16,000.00",14.76M,1.59%
10/23/2020,"16,384.00","16,512.00","16,576.00","16,320.00",12.55M,0.00%
10/26/2020,"15,872.00","16,384.00","16,512.00","15,872.00",18.23M,-3.13%
10/27/2020,"15,616.00","15,808.00","15,936.00","15,616.00",18.32M,-1.61%
10/28/2020,"15,232.00","15,616.00","15,680.00","15,168.00",23.31M,-2.46%
10/29/2020,"15,296.00","15,104.00","15,552.00","14,848.00",13.31M,0.42%
10/30/2020,"15,424.00","15,424.00","15,552.00","15,232.00",6.87M,0.84%
11/2/2020,"15,680.00","15,488.00","15,680.00","15,360.00",5.90M,1.66%
11/3/2020,"16,000.00","15,680.00","16,128.00","15,680.00",12.04M,2.04%
11/4/2020,"16,320.00","16,064.00","16,448.00","16,064.00",19.70M,2.00%
11/5/2020,"15,936.00","16,320.00","16,448.00","15,936.00",13.36M,-2.35%
11/6/2020,"16,064.00","15,936.00","16,064.00","15,872.00",5.74M,0.80%
11/9/2020,"16,256.00","16,064.00","16,320.00","16,064.00",9.22M,1.20%
11/10/2020,"16,192.00","16,448.00","16,640.00","16,192.00",13.84M,-0.39%
11/11/2020,"16,256.00","16,192.00","16,320.00","16,128.00",7.08M,0.40%
11/12/2020,"16,896.00","16,256.00","16,896.00","16,256.00",29.62M,3.94%
11/13/2020,"16,960.00","16,896.00","17,088.00","16,832.00",9.74M,0.38%
11/16/2020,"16,768.00","16,960.00","17,152.00","16,768.00",14.04M,-1.13%
11/17/2020,"17,408.00","16,768.00","17,408.00","16,768.00",26.22M,3.82%
11/18/2020,"17,408.00","17,408.00","17,728.00","17,216.00",12.38M,0.00%
11/19/2020,"17,408.00","17,472.00","17,600.00","17,280.00",10.03M,0.00%
11/20/2020,"17,472.00","17,472.00","17,536.00","17,152.00",14.99M,0.37%
11/23/2020,"17,472.00","17,600.00","17,664.00","17,280.00",17.03M,0.00%
11/24/2020,"17,472.00","17,472.00","17,792.00","17,344.00",16.19M,0.00%
11/25/2020,"17,472.00","17,472.00","17,664.00","17,344.00",10.14M,0.00%
11/26/2020,"17,536.00","17,472.00","17,728.00","17,280.00",15.68M,0.37%
11/27/2020,"17,408.00","17,600.00","17,664.00","17,408.00",8.54M,-0.73%
11/30/2020,"17,408.00","17,536.00","17,536.00","17,280.00",13.97M,0.00%
12/1/2020,"17,472.00","17,408.00","17,472.00","17,152.00",14.45M,0.37%
12/9/2020,"18,272.00","17,984.00","18,528.00","17,792.00",37.81M,4.58%
12/10/2020,"17,888.00","18,432.00","18,432.00","17,856.00",14.43M,-2.10%
12/11/2020,"18,048.00","17,984.00","18,080.00","17,792.00",6.97M,0.89%
12/14/2020,"18,048.00","18,112.00","18,240.00","17,984.00",11.45M,0.00%
12/15/2020,"17,920.00","18,048.00","18,080.00","17,856.00",11.41M,-0.71%
12/16/2020,"18,080.00","17,920.00","18,208.00","17,920.00",16.35M,0.89%
12/17/2020,"18,112.00","17,984.00","18,464.00","17,952.00",21.20M,0.18%
12/18/2020,"18,176.00","18,208.00","18,336.00","18,112.00",18.27M,0.35%
12/21/2020,"18,528.00","18,240.00","18,752.00","18,144.00",35.13M,1.94%
12/22/2020,"18,400.00","18,528.00","18,560.00","18,304.00",11.83M,-0.69%
12/23/2020,"17,984.00","18,432.00","18,464.00","17,920.00",17.53M,-2.26%
12/24/2020,"17,472.00","17,984.00","18,112.00","16,960.00",24.74M,-2.85%
12/25/2020,"17,888.00","17,472.00","17,920.00","17,408.00",14.37M,2.38%
12/28/2020,"17,792.00","18,112.00","18,112.00","17,696.00",9.72M,-0.54%
12/29/2020,"17,728.00","17,792.00","17,888.00","17,664.00",10.16M,-0.36%
12/30/2020,"17,792.00","17,760.00","18,048.00","17,760.00",10.53M,0.36%
12/31/2020,"17,984.00","17,856.00","18,112.00","17,824.00",10.59M,1.08%
1/4/2021,"18,336.00","18,272.00","18,464.00","18,240.00",16.84M,1.96%
1/5/2021,"18,784.00","18,304.00","18,944.00","18,112.00",29.21M,2.44%
1/6/2021,"19,136.00","19,008.00","19,584.00","18,752.00",24.82M,1.87%
1/7/2021,"19,136.00","19,136.00","19,200.00","18,944.00",18.18M,0.00%
1/8/2021,"19,328.00","19,168.00","19,456.00","19,072.00",24.25M,1.00%
1/11/2021,"19,424.00","19,520.00","19,776.00","19,296.00",15.35M,0.50%
1/12/2021,"19,264.00","19,360.00","19,392.00","19,168.00",14.50M,-0.82%
1/13/2021,"19,104.00","19,392.00","19,424.00","19,008.00",15.49M,-0.83%
1/14/2021,"19,104.00","19,136.00","19,136.00","18,688.00",13.27M,0.00%
1/15/2021,"19,360.00","19,200.00","19,456.00","19,168.00",12.79M,1.34%
1/18/2021,"19,168.00","19,424.00","19,520.00","19,136.00",13.15M,-0.99%
1/19/2021,"17,856.00","19,072.00","19,136.00","17,856.00",20.43M,-6.84%
1/20/2021,"18,112.00","17,920.00","18,112.00","16,832.00",19.25M,1.43%
1/21/2021,"18,528.00","18,432.00","18,624.00","18,144.00",10.21M,2.30%
1/22/2021,"18,336.00","18,496.00","18,624.00","18,240.00",8.50M,-1.04%
1/25/2021,"17,984.00","18,112.00","18,240.00","17,952.00",12.01M,-1.92%
1/26/2021,"17,792.00","17,952.00","18,336.00","17,600.00",12.65M,-1.07%
1/27/2021,"17,600.00","17,792.00","18,144.00","17,408.00",9.98M,-1.08%
1/28/2021,"16,384.00","16,640.00","17,088.00","16,384.00",23.68M,-6.91%
1/29/2021,"17,152.00","15,680.00","17,216.00","15,680.00",11.91M,4.69%
2/1/2021,"17,056.00","17,152.00","17,536.00","16,832.00",11.76M,-0.56%
2/2/2021,"17,504.00","17,056.00","17,536.00","16,864.00",10.23M,2.63%
2/3/2021,"17,984.00","17,504.00","18,048.00","17,408.00",11.02M,2.74%
2/4/2021,"18,048.00","17,984.00","18,048.00","17,792.00",6.64M,0.36%
2/5/2021,"18,240.00","18,048.00","18,336.00","18,016.00",8.77M,1.06%
2/8/2021,"17,600.00","18,240.00","18,400.00","17,408.00",8.99M,-3.51%
2/9/2021,"18,272.00","17,600.00","18,272.00","17,472.00",9.30M,3.82%
2/17/2021,"18,816.00","18,432.00","18,880.00","18,368.00",10.71M,2.98%
2/18/2021,"18,656.00","18,816.00","18,848.00","18,432.00",8.67M,-0.85%
2/19/2021,"19,904.00","18,560.00","19,936.00","18,496.00",48.73M,6.69%
2/22/2021,"20,224.00","20,160.00","20,608.00","19,904.00",19.67M,1.61%
2/23/2021,"20,288.00","20,384.00","20,640.00","20,128.00",21.80M,0.32%
2/24/2021,"19,968.00","20,256.00","20,384.00","19,840.00",29.20M,-1.58%
2/25/2021,"20,736.00","20,160.00","20,768.00","19,904.00",23.46M,3.85%
2/26/2021,"21,152.00","20,416.00","21,344.00","20,416.00",20.42M,2.01%
3/1/2021,"21,280.00","21,376.00","21,408.00","21,056.00",13.23M,0.61%
3/2/2021,"21,120.00","21,376.00","21,408.00","20,992.00",14.96M,-0.75%
3/3/2021,"21,280.00","21,056.00","21,408.00","20,928.00",14.18M,0.76%
3/4/2021,"20,736.00","21,376.00","21,376.00","20,512.00",15.33M,-2.56%
3/5/2021,"20,768.00","20,544.00","20,864.00","20,224.00",15.87M,0.15%
3/8/2021,"20,352.00","20,800.00","20,928.00","20,192.00",25.07M,-2.00%
3/9/2021,"20,512.00","20,160.00","20,672.00","19,904.00",13.78M,0.79%
3/10/2021,"20,960.00","20,544.00","21,248.00","20,416.00",18.99M,2.18%
3/11/2021,"21,120.00","21,120.00","21,184.00","20,960.00",11.13M,0.76%
3/12/2021,"21,088.00","21,120.00","21,152.00","20,896.00",8.12M,-0.15%
3/15/2021,"21,440.00","21,120.00","21,664.00","20,864.00",28.21M,1.67%
3/16/2021,"21,408.00","21,376.00","21,568.00","21,152.00",9.55M,-0.15%
3/17/2021,"21,440.00","21,408.00","21,472.00","21,248.00",9.76M,0.15%
3/18/2021,"21,728.00","21,696.00","21,920.00","21,440.00",16.07M,1.34%
3/19/2021,"21,632.00","21,728.00","21,888.00","21,568.00",11.11M,-0.44%
3/22/2021,"21,376.00","21,792.00","21,824.00","21,344.00",13.60M,-1.18%
3/23/2021,"21,120.00","21,472.00","21,472.00","20,992.00",16.17M,-1.20%
3/24/2021,"20,768.00","20,736.00","20,960.00","20,512.00",15.53M,-1.67%
3/25/2021,"20,512.00","20,768.00","20,864.00","20,416.00",13.00M,-1.23%
3/26/2021,"20,768.00","20,480.00","20,768.00","20,064.00",12.39M,1.25%
3/29/2021,"21,120.00","21,056.00","21,184.00","20,736.00",10.91M,1.69%
3/30/2021,"21,312.00","21,184.00","21,440.00","20,960.00",12.58M,0.91%
3/31/2021,"21,312.00","21,440.00","21,632.00","21,280.00",7.79M,0.00%
4/1/2021,"21,664.00","21,408.00","21,664.00","21,312.00",16.31M,1.65%
4/2/2021,"22,176.00","21,888.00","22,400.00","21,760.00",21.84M,2.36%
4/5/2021,"22,240.00","22,592.00","22,592.00","22,144.00",11.61M,0.29%
4/6/2021,"22,240.00","22,208.00","22,368.00","21,856.00",11.82M,0.00%
4/7/2021,"22,016.00","22,080.00","22,208.00","21,952.00",10.00M,-1.01%
4/8/2021,"22,016.00","21,984.00","22,208.00","21,888.00",7.32M,0.00%
4/9/2021,"22,016.00","21,952.00","22,144.00","21,888.00",8.44M,0.00%
4/12/2021,"22,496.00","22,144.00","22,528.00","22,048.00",19.55M,2.18%
4/13/2021,"22,144.00","22,624.00","22,720.00","22,016.00",13.65M,-1.56%
4/14/2021,"22,144.00","21,952.00","22,240.00","21,856.00",7.93M,0.00%
4/15/2021,"21,664.00","22,176.00","22,208.00","21,632.00",15.14M,-2.17%
4/16/2021,"21,184.00","21,632.00","21,792.00","20,928.00",13.13M,-2.22%
4/19/2021,"21,568.00","21,440.00","21,600.00","20,992.00",6.71M,1.81%
4/20/2021,"21,504.00","21,760.00","22,016.00","21,248.00",11.20M,-0.30%
4/22/2021,"20,800.00","21,376.00","21,504.00","20,800.00",12.26M,-3.27%
4/23/2021,"21,376.00","20,736.00","21,408.00","20,544.00",10.45M,2.77%
4/26/2021,"21,312.00","21,376.00","21,376.00","20,864.00",11.12M,-0.30%
4/27/2021,"21,760.00","21,120.00","21,760.00","20,896.00",9.99M,2.10%
4/28/2021,"21,632.00","21,440.00","21,952.00","21,376.00",8.87M,-0.59%
4/29/2021,"22,176.00","21,632.00","22,176.00","21,504.00",26.01M,2.51%
5/4/2021,"22,048.00","21,760.00","22,240.00","21,440.00",14.58M,-0.58%
5/5/2021,"22,592.00","22,144.00","22,944.00","22,144.00",27.44M,2.47%
5/6/2021,"22,272.00","22,592.00","22,624.00","22,176.00",12.16M,-1.42%
5/7/2021,"22,528.00","22,080.00","22,656.00","22,080.00",18.84M,1.15%
5/10/2021,"23,168.00","22,528.00","23,264.00","22,528.00",21.08M,2.84%
5/11/2021,"22,912.00","23,296.00","23,296.00","22,912.00",15.28M,-1.10%
5/12/2021,"23,136.00","22,752.00","23,136.00","22,656.00",14.05M,0.98%
5/13/2021,"23,168.00","22,848.00","23,648.00","22,848.00",18.32M,0.14%
5/14/2021,"23,328.00","23,296.00","23,488.00","23,072.00",9.56M,0.69%
5/17/2021,"23,392.00","23,680.00","23,808.00","23,328.00",14.50M,0.27%
5/18/2021,"23,200.00","23,424.00","23,424.00","22,976.00",12.31M,-0.82%
5/19/2021,"23,424.00","23,168.00","23,488.00","22,976.00",12.72M,0.97%
5/20/2021,"23,936.00","23,424.00","24,000.00","23,424.00",19.16M,2.19%
5/21/2021,"24,000.00","23,936.00","24,512.00","23,872.00",14.29M,0.27%
5/24/2021,"24,000.00","24,224.00","24,224.00","23,840.00",11.79M,0.00%
5/25/2021,"24,320.00","24,000.00","24,480.00","23,872.00",13.68M,1.33%
5/26/2021,"24,608.00","24,352.00","24,736.00","24,352.00",15.59M,1.18%
5/27/2021,"24,448.00","24,640.00","25,056.00","24,256.00",14.92M,-0.65%
5/28/2021,"24,896.00","24,448.00","24,896.00","24,352.00",14.71M,1.83%
5/31/2021,"26,496.00","25,280.00","26,528.00","24,960.00",25.05M,6.43%
6/1/2021,"26,944.00","27,200.00","27,456.00","26,880.00",17.44M,1.69%
6/2/2021,"28,544.00","27,296.00","28,544.00","27,200.00",25.02M,5.94%
6/3/2021,"29,376.00","29,632.00","29,632.00","28,544.00",19.17M,2.91%
6/4/2021,"28,992.00","28,800.00","29,376.00","28,800.00",14.83M,-1.31%
6/7/2021,"27,520.00","28,736.00","28,736.00","27,040.00",28.91M,-5.08%
6/8/2021,"25,728.00","27,232.00","27,776.00","25,728.00",22.38M,-6.51%
6/9/2021,"27,168.00","25,728.00","27,264.00","25,600.00",19.63M,5.60%
6/10/2021,"27,280.00","27,600.00","28,280.00","27,280.00",17.50M,0.41%
6/11/2021,"27,720.00","27,520.00","28,080.00","27,040.00",11.92M,1.61%
6/14/2021,"27,280.00","27,720.00","27,920.00","27,080.00",13.68M,-1.59%
6/15/2021,"28,280.00","27,280.00","28,960.00","26,800.00",22.72M,3.67%
6/16/2021,"27,760.00","28,280.00","28,360.00","27,600.00",10.26M,-1.84%
6/17/2021,"27,920.00","27,200.00","28,000.00","26,960.00",7.99M,0.58%
6/18/2021,"28,000.00","28,160.00","28,400.00","27,920.00",11.52M,0.29%
6/21/2021,"27,800.00","27,920.00","28,160.00","27,720.00",6.81M,-0.71%
6/22/2021,"28,520.00","28,160.00","28,800.00","27,880.00",18.59M,2.59%
6/23/2021,"28,640.00","28,720.00","29,120.00","28,560.00",12.81M,0.42%
6/24/2021,"28,960.00","28,800.00","29,160.00","28,480.00",14.37M,1.12%
6/25/2021,"29,080.00","28,960.00","29,280.00","28,840.00",9.92M,0.41%
6/28/2021,"29,360.00","29,360.00","29,440.00","29,040.00",9.92M,0.96%
6/29/2021,"29,160.00","29,520.00","29,560.00","29,160.00",8.35M,-0.68%
6/30/2021,"28,560.00","29,120.00","29,200.00","28,480.00",12.04M,-2.06%
7/1/2021,"28,760.00","28,440.00","28,960.00","28,080.00",12.99M,0.70%
7/2/2021,"28,880.00","29,040.00","29,120.00","28,800.00",8.01M,0.42%
7/5/2021,"30,360.00","29,040.00","30,480.00","28,720.00",20.84M,5.12%
7/6/2021,"28,800.00","30,400.00","30,560.00","28,800.00",12.59M,-5.14%
7/7/2021,"29,240.00","28,800.00","29,520.00","28,080.00",12.65M,1.53%
7/8/2021,"28,960.00","29,240.00","29,760.00","28,800.00",9.19M,-0.96%
7/9/2021,"28,160.00","28,800.00","29,280.00","27,200.00",14.14M,-2.76%
7/12/2021,"26,200.00","27,600.00","27,800.00","26,200.00",22.94M,-6.96%
7/13/2021,"26,320.00","26,640.00","26,640.00","25,840.00",8.34M,0.46%
7/14/2021,"25,400.00","26,320.00","26,400.00","24,880.00",13.51M,-3.50%
7/15/2021,"26,200.00","25,120.00","26,360.00","25,080.00",6.37M,3.15%
7/16/2021,"26,880.00","26,520.00","26,880.00","26,240.00",7.40M,2.60%
7/19/2021,"25,720.00","26,320.00","26,520.00","25,560.00",12.52M,-4.32%
7/20/2021,"27,120.00","26,000.00","27,120.00","25,600.00",10.70M,5.44%
7/21/2021,"27,040.00","27,240.00","27,600.00","27,000.00",10.22M,-0.29%
7/22/2021,"27,280.00","27,040.00","27,520.00","26,560.00",8.95M,0.89%
7/23/2021,"26,400.00","27,120.00","27,320.00","26,400.00",9.29M,-3.23%
7/26/2021,"26,160.00","26,080.00","26,480.00","25,640.00",9.41M,-0.91%
7/27/2021,"26,520.00","26,440.00","26,800.00","26,400.00",7.04M,1.38%
7/28/2021,"26,520.00","26,560.00","26,880.00","26,440.00",6.06M,0.00%
7/29/2021,"27,320.00","26,760.00","27,360.00","26,640.00",9.55M,3.02%
7/30/2021,"28,920.00","27,440.00","28,920.00","27,440.00",43.95M,5.86%
8/2/2021,"28,440.00","28,400.00","28,800.00","28,280.00",10.81M,-1.66%
8/3/2021,"28,640.00","28,360.00","28,640.00","28,000.00",10.96M,0.70%
8/4/2021,"28,400.00","28,800.00","28,800.00","28,240.00",10.58M,-0.84%
8/5/2021,"28,800.00","28,280.00","28,880.00","28,240.00",17.23M,1.41%
8/6/2021,"28,440.00","28,880.00","28,920.00","28,360.00",10.78M,-1.25%
8/9/2021,"29,200.00","28,320.00","29,480.00","28,120.00",24.05M,2.67%
8/10/2021,"29,200.00","29,440.00","29,480.00","28,960.00",13.07M,0.00%
8/11/2021,"28,800.00","29,200.00","29,400.00","28,800.00",20.62M,-1.37%
8/12/2021,"28,240.00","28,640.00","28,800.00","28,240.00",15.18M,-1.94%
8/13/2021,"28,280.00","28,160.00","28,360.00","27,440.00",18.91M,0.14%
8/16/2021,"28,560.00","28,280.00","28,800.00","27,840.00",15.07M,0.99%
8/17/2021,"28,480.00","28,800.00","28,960.00","28,320.00",10.93M,-0.28%
8/18/2021,"28,440.00","28,360.00","28,640.00","28,240.00",8.87M,-0.14%
8/19/2021,"28,240.00","28,400.00","28,440.00","27,960.00",11.71M,-0.70%
8/20/2021,"26,880.00","28,240.00","28,280.00","26,440.00",26.19M,-4.82%
8/23/2021,"25,600.00","26,800.00","26,880.00","25,600.00",19.50M,-4.76%
8/24/2021,"25,840.00","25,600.00","26,000.00","25,360.00",11.36M,0.94%
8/25/2021,"25,960.00","25,760.00","26,000.00","25,520.00",6.08M,0.46%
8/26/2021,"25,560.00","26,040.00","26,080.00","25,440.00",6.18M,-1.54%
8/27/2021,"25,400.00","25,360.00","25,480.00","24,640.00",10.09M,-0.63%
8/30/2021,"25,720.00","25,440.00","25,920.00","25,280.00",10.04M,1.26%
8/31/2021,"25,600.00","26,000.00","26,080.00","25,600.00",6.91M,-0.47%
9/1/2021,"25,600.00","25,600.00","26,200.00","25,560.00",10.89M,0.00%
9/6/2021,"25,640.00","25,760.00","25,840.00","25,560.00",9.23M,0.16%
9/7/2021,"26,000.00","25,920.00","26,200.00","25,760.00",9.95M,1.40%
9/8/2021,"25,720.00","26,000.00","26,200.00","25,680.00",5.94M,-1.08%
9/9/2021,"25,960.00","25,600.00","25,960.00","25,560.00",4.29M,0.93%
9/10/2021,"25,840.00","26,000.00","26,040.00","25,800.00",5.13M,-0.46%
9/13/2021,"25,520.00","25,840.00","25,840.00","25,520.00",6.50M,-1.24%
9/14/2021,"25,200.00","25,480.00","25,600.00","25,200.00",5.64M,-1.25%
9/15/2021,"24,960.00","25,200.00","25,200.00","24,920.00",6.22M,-0.95%
9/16/2021,"25,040.00","25,000.00","25,240.00","24,960.00",4.32M,0.32%
9/17/2021,"25,280.00","25,280.00","25,440.00","25,080.00",5.72M,0.96%
9/20/2021,"25,680.00","25,600.00","25,840.00","25,480.00",7.98M,1.58%
9/21/2021,"25,440.00","25,440.00","25,600.00","25,160.00",4.85M,-0.93%
9/22/2021,"25,280.00","25,440.00","25,600.00","25,280.00",3.35M,-0.63%
9/23/2021,"25,280.00","25,360.00","25,440.00","25,200.00",5.26M,0.00%
9/24/2021,"25,600.00","25,440.00","25,720.00","25,280.00",8.36M,1.27%
9/27/2021,"25,200.00","25,760.00","25,920.00","25,200.00",6.00M,-1.56%
9/28/2021,"25,280.00","25,200.00","25,400.00","25,120.00",3.15M,0.32%
9/29/2021,"25,080.00","25,280.00","25,360.00","24,920.00",4.52M,-0.79%
9/30/2021,"25,240.00","25,080.00","25,280.00","25,040.00",5.49M,0.64%
10/1/2021,"25,200.00","25,200.00","25,240.00","24,880.00",8.05M,-0.16%
10/4/2021,"24,800.00","25,040.00","25,120.00","24,480.00",7.07M,-1.59%
10/5/2021,"25,200.00","24,800.00","25,200.00","24,800.00",3.64M,1.61%
10/6/2021,"25,080.00","25,240.00","25,320.00","24,880.00",4.15M,-0.48%
10/7/2021,"24,960.00","25,200.00","25,200.00","24,960.00",2.70M,-0.48%
10/8/2021,"25,160.00","25,120.00","25,240.00","25,000.00",4.35M,0.80%
10/11/2021,"26,080.00","25,280.00","26,080.00","25,280.00",8.36M,3.66%
10/12/2021,"26,080.00","26,320.00","26,320.00","25,920.00",4.23M,0.00%
10/13/2021,"26,080.00","26,080.00","26,320.00","26,000.00",4.64M,0.00%
10/14/2021,"25,840.00","26,080.00","26,160.00","25,760.00",5.65M,-0.92%
10/15/2021,"25,760.00","26,000.00","26,040.00","25,680.00",3.72M,-0.31%
10/18/2021,"25,600.00","25,880.00","26,080.00","25,600.00",5.68M,-0.62%
10/19/2021,"25,840.00","25,920.00","25,920.00","25,520.00",4.52M,0.94%
10/20/2021,"25,840.00","25,840.00","26,120.00","25,440.00",4.81M,0.00%
10/21/2021,"25,400.00","25,840.00","25,840.00","25,400.00",5.17M,-1.70%
10/22/2021,"25,280.00","25,520.00","25,560.00","25,160.00",4.78M,-0.47%
10/25/2021,"25,000.00","25,360.00","25,360.00","24,880.00",6.50M,-1.11%
10/26/2021,"24,880.00","25,000.00","25,000.00","24,640.00",6.57M,-0.48%
10/27/2021,"25,120.00","24,920.00","25,440.00","24,920.00",7.29M,0.96%
10/28/2021,"25,480.00","25,320.00","25,480.00","25,200.00",5.81M,1.43%
10/29/2021,"26,400.00","25,480.00","26,400.00","25,400.00",17.00M,3.61%
11/1/2021,"26,160.00","26,240.00","26,320.00","25,920.00",6.62M,-0.91%
11/2/2021,"26,520.00","26,160.00","26,520.00","26,040.00",8.76M,1.38%
11/3/2021,"27,080.00","26,640.00","27,280.00","26,600.00",16.33M,2.11%
11/4/2021,"26,800.00","27,240.00","27,240.00","26,760.00",5.25M,-1.03%
11/5/2021,"26,800.00","27,040.00","27,040.00","26,640.00",4.96M,0.00%
11/8/2021,"26,720.00","26,800.00","26,920.00","26,560.00",6.73M,-0.30%
11/9/2021,"26,760.00","26,720.00","27,040.00","26,680.00",6.31M,0.15%
11/10/2021,"26,720.00","26,800.00","26,840.00","26,520.00",5.46M,-0.15%
11/11/2021,"26,400.00","26,640.00","26,840.00","26,000.00",8.91M,-1.20%
11/12/2021,"26,680.00","26,400.00","26,680.00","26,120.00",5.47M,1.06%
11/15/2021,"26,720.00","26,720.00","26,880.00","26,600.00",6.10M,0.15%
11/16/2021,"26,520.00","26,680.00","26,720.00","26,240.00",6.51M,-0.75%
11/17/2021,"26,640.00","26,520.00","26,800.00","26,240.00",5.45M,0.45%
11/18/2021,"26,000.00","26,800.00","26,800.00","26,000.00",6.87M,-2.40%
11/19/2021,"26,760.00","26,160.00","27,120.00","26,040.00",12.24M,2.92%
11/22/2021,"27,320.00","26,800.00","27,840.00","26,400.00",11.44M,2.09%
11/23/2021,"27,160.00","27,400.00","27,440.00","26,960.00",4.80M,-0.59%
11/24/2021,"28,280.00","27,120.00","28,360.00","27,000.00",17.87M,4.12%
11/25/2021,"28,120.00","28,400.00","28,440.00","27,960.00",8.85M,-0.57%
11/26/2021,"27,680.00","28,120.00","28,240.00","27,680.00",7.76M,-1.56%
11/29/2021,"27,320.00","27,040.00","27,440.00","27,040.00",7.62M,-1.30%
11/30/2021,"26,640.00","27,520.00","27,600.00","26,560.00",7.68M,-2.49%
12/1/2021,"26,800.00","26,480.00","26,800.00","26,440.00",4.53M,0.60%
12/2/2021,"26,560.00","26,880.00","26,880.00","26,560.00",3.31M,-0.90%
12/3/2021,"26,040.00","26,720.00","26,840.00","26,040.00",6.15M,-1.96%
12/6/2021,"25,840.00","25,840.00","26,240.00","25,320.00",8.12M,-0.77%
12/7/2021,"26,360.00","26,000.00","26,360.00","25,680.00",3.53M,2.01%
12/8/2021,"26,480.00","26,120.00","26,720.00","26,040.00",3.63M,0.46%
12/9/2021,"26,640.00","26,400.00","26,640.00","26,240.00",2.70M,0.60%
12/10/2021,"26,720.00","26,560.00","26,880.00","26,480.00",5.91M,0.30%
12/13/2021,"26,720.00","26,840.00","27,040.00","26,640.00",3.77M,0.00%
12/14/2021,"26,640.00","26,640.00","26,800.00","26,480.00",2.66M,-0.30%
12/15/2021,"26,720.00","26,480.00","26,840.00","26,440.00",2.65M,0.30%
12/16/2021,"26,400.00","26,800.00","26,840.00","26,400.00",2.88M,-1.20%
12/17/2021,"26,560.00","26,520.00","26,640.00","26,440.00",3.00M,0.61%
12/20/2021,"26,480.00","26,560.00","26,640.00","26,280.00",4.12M,-0.30%
12/21/2021,"26,240.00","26,360.00","26,360.00","26,240.00",3.03M,-0.91%
12/22/2021,"26,160.00","26,120.00","26,360.00","26,120.00",4.23M,-0.30%
12/23/2021,"26,000.00","26,080.00","26,120.00","25,600.00",5.17M,-0.61%
12/24/2021,"26,400.00","26,000.00","26,520.00","25,760.00",5.47M,1.54%
12/27/2021,"26,520.00","26,640.00","26,640.00","26,320.00",3.07M,0.45%
12/28/2021,"26,920.00","26,520.00","27,000.00","26,440.00",4.35M,1.51%
12/29/2021,"27,040.00","27,080.00","27,360.00","26,960.00",4.77M,0.45%
12/30/2021,"27,120.00","26,960.00","27,200.00","26,800.00",2.27M,0.30%
12/31/2021,"27,600.00","27,200.00","27,640.00","27,200.00",7.06M,1.77%
1/4/2022,"27,520.00","27,840.00","27,840.00","27,400.00",5.69M,-0.29%
1/5/2022,"26,960.00","27,480.00","27,480.00","26,920.00",7.42M,-2.03%
1/6/2022,"27,000.00","26,800.00","27,200.00","26,480.00",7.09M,0.15%
1/7/2022,"26,640.00","27,120.00","27,160.00","26,640.00",4.15M,-1.33%
1/10/2022,"26,400.00","26,400.00","26,720.00","26,360.00",7.12M,-0.90%
1/11/2022,"26,200.00","26,400.00","26,440.00","26,160.00",7.99M,-0.76%
1/12/2022,"26,480.00","26,160.00","26,840.00","26,040.00",9.74M,1.07%
1/13/2022,"26,680.00","26,920.00","27,400.00","26,520.00",8.14M,0.76%
1/14/2022,"26,440.00","26,680.00","26,760.00","26,400.00",2.43M,-0.90%
1/17/2022,"26,200.00","26,480.00","26,920.00","26,200.00",9.11M,-0.91%
1/18/2022,"26,240.00","26,200.00","26,440.00","25,840.00",5.34M,0.15%
1/19/2022,"26,400.00","26,240.00","26,640.00","26,240.00",2.63M,0.61%
1/20/2022,"26,360.00","26,400.00","26,520.00","26,160.00",4.27M,-0.15%
1/21/2022,"26,760.00","26,360.00","27,200.00","26,320.00",5.51M,1.52%
1/24/2022,"27,480.00","26,800.00","27,920.00","26,800.00",16.48M,2.69%
1/25/2022,"27,880.00","27,480.00","28,040.00","27,480.00",5.35M,1.46%
1/26/2022,"28,360.00","28,000.00","28,760.00","28,000.00",10.62M,1.72%
1/27/2022,"27,920.00","28,320.00","28,320.00","27,640.00",7.58M,-1.55%
1/28/2022,"27,640.00","27,920.00","28,000.00","27,520.00",12.82M,-1.00%
2/7/2022,"27,760.00","28,000.00","28,120.00","27,720.00",5.69M,0.43%
2/8/2022,"28,600.00","27,760.00","28,800.00","27,760.00",40.58M,3.03%
2/9/2022,"28,480.00","28,720.00","28,760.00","28,400.00",12.69M,-0.42%
2/10/2022,"28,440.00","28,480.00","28,640.00","28,280.00",9.54M,-0.14%
2/11/2022,"28,560.00","28,240.00","29,080.00","28,200.00",11.97M,0.42%
2/14/2022,"27,200.00","28,320.00","28,480.00","27,200.00",16.44M,-4.76%
2/15/2022,"27,600.00","27,240.00","27,600.00","27,200.00",8.29M,1.47%
2/16/2022,"27,360.00","27,760.00","27,760.00","27,200.00",6.37M,-0.87%
2/17/2022,"27,440.00","27,320.00","27,560.00","27,280.00",4.89M,0.29%
2/18/2022,"27,080.00","27,280.00","27,400.00","26,960.00",9.15M,-1.31%
2/21/2022,"27,520.00","27,120.00","27,520.00","26,840.00",9.11M,1.62%
2/22/2022,"27,760.00","27,200.00","27,760.00","26,880.00",10.12M,0.87%
2/23/2022,"27,680.00","27,840.00","28,080.00","27,680.00",7.32M,-0.29%
2/24/2022,"27,560.00","27,480.00","27,680.00","26,760.00",11.12M,-0.43%
2/25/2022,"27,480.00","27,600.00","27,800.00","27,440.00",6.89M,-0.29%
2/28/2022,"27,120.00","27,440.00","27,480.00","27,120.00",4.82M,-1.31%
3/1/2022,"27,080.00","27,200.00","27,200.00","26,840.00",7.01M,-0.15%
3/2/2022,"26,320.00","26,960.00","27,200.00","26,320.00",17.35M,-2.81%
3/3/2022,"26,760.00","26,400.00","26,760.00","26,320.00",10.21M,1.67%
3/4/2022,"27,440.00","26,720.00","27,440.00","26,400.00",8.66M,2.54%
3/7/2022,"26,600.00","26,800.00","27,040.00","26,520.00",5.87M,-3.06%
3/8/2022,"26,080.00","26,400.00","26,560.00","26,040.00",9.03M,-1.95%
3/9/2022,"26,160.00","26,200.00","26,360.00","25,920.00",5.22M,0.31%
3/10/2022,"26,320.00","26,400.00","26,720.00","26,320.00",2.75M,0.61%
3/11/2022,"26,160.00","26,240.00","26,360.00","26,080.00",3.39M,-0.61%
3/14/2022,"26,160.00","26,000.00","26,240.00","25,960.00",3.41M,0.00%
3/15/2022,"26,240.00","26,240.00","26,520.00","26,160.00",3.44M,0.31%
3/16/2022,"26,240.00","26,320.00","26,440.00","26,120.00",4.12M,0.00%
3/17/2022,"26,240.00","26,520.00","26,560.00","26,240.00",3.28M,0.00%
3/18/2022,"26,240.00","26,400.00","26,480.00","26,240.00",3.25M,0.00%
3/21/2022,"26,360.00","26,320.00","26,400.00","26,160.00",4.13M,0.46%
3/22/2022,"26,640.00","26,400.00","26,720.00","26,400.00",4.16M,1.06%
3/23/2022,"26,560.00","26,560.00","26,720.00","26,520.00",2.58M,-0.30%
3/24/2022,"26,320.00","26,440.00","26,560.00","26,280.00",3.59M,-0.90%
3/25/2022,"26,160.00","26,320.00","26,520.00","26,160.00",4.17M,-0.61%
3/28/2022,"25,880.00","26,160.00","26,240.00","25,840.00",6.09M,-1.07%
3/29/2022,"25,880.00","25,960.00","26,120.00","25,840.00",4.58M,0.00%
3/30/2022,"26,080.00","25,920.00","26,320.00","25,840.00",5.19M,0.77%
3/31/2022,"26,440.00","26,160.00","26,560.00","26,080.00",6.90M,1.38%
4/1/2022,"26,720.00","26,440.00","26,720.00","26,400.00",7.33M,1.06%
4/4/2022,"26,800.00","26,880.00","26,960.00","26,720.00",5.99M,0.30%
4/5/2022,"26,400.00","26,720.00","26,720.00","26,360.00",5.64M,-1.49%
4/6/2022,"26,560.00","26,280.00","26,640.00","26,200.00",5.20M,0.61%
4/7/2022,"26,880.00","26,720.00","27,320.00","26,600.00",12.06M,1.20%
4/8/2022,"27,080.00","26,960.00","27,200.00","26,920.00",11.13M,0.74%
4/12/2022,"26,760.00","27,080.00","27,080.00","26,680.00",6.15M,-1.18%
4/13/2022,"26,920.00","26,800.00","27,080.00","26,640.00",6.32M,0.60%
4/14/2022,"27,040.00","26,920.00","27,320.00","26,880.00",6.13M,0.45%
4/15/2022,"26,840.00","27,040.00","27,200.00","26,760.00",6.74M,-0.74%
4/18/2022,"26,240.00","26,800.00","26,880.00","26,240.00",7.43M,-2.24%
4/19/2022,"25,320.00","26,080.00","26,240.00","25,280.00",6.56M,-3.51%
4/20/2022,"25,520.00","25,360.00","25,760.00","25,320.00",5.61M,0.79%
4/21/2022,"25,200.00","25,600.00","26,000.00","25,200.00",7.37M,-1.25%
4/22/2022,"25,840.00","25,360.00","26,080.00","25,360.00",6.49M,2.54%
4/25/2022,"24,400.00","25,840.00","25,960.00","24,400.00",10.30M,-5.57%
4/26/2022,"24,720.00","24,400.00","25,000.00","24,000.00",7.63M,1.31%
4/27/2022,"24,720.00","24,560.00","24,960.00","24,240.00",3.54M,0.00%
4/28/2022,"24,800.00","24,480.00","24,960.00","24,480.00",1.88M,0.32%
4/29/2022,"26,160.00","24,800.00","26,160.00","24,600.00",5.80M,5.48%
5/4/2022,"25,400.00","25,800.00","26,000.00","25,400.00",2.58M,-2.91%
5/5/2022,"25,360.00","25,840.00","25,840.00","25,040.00",4.01M,-0.16%
5/6/2022,"24,800.00","24,960.00","25,440.00","24,680.00",2.40M,-2.21%
5/9/2022,"24,480.00","24,800.00","24,800.00","23,760.00",6.47M,-1.29%
5/10/2022,"24,640.00","24,240.00","24,800.00","23,920.00",4.81M,0.65%
5/11/2022,"25,280.00","24,640.00","25,280.00","24,480.00",2.90M,2.60%
5/12/2022,"23,600.00","24,560.00","25,000.00","23,600.00",3.91M,-6.65%
5/13/2022,"22,000.00","23,920.00","24,240.00","22,000.00",7.68M,-6.78%
5/16/2022,"22,080.00","22,120.00","22,960.00","22,000.00",6.42M,0.36%
5/17/2022,"23,400.00","22,080.00","23,480.00","22,000.00",3.27M,5.98%
5/18/2022,"23,160.00","23,760.00","23,800.00","23,040.00",4.40M,-1.03%
5/19/2022,"22,880.00","22,720.00","23,200.00","22,480.00",2.32M,-1.21%
5/20/2022,"23,240.00","22,880.00","23,440.00","22,880.00",2.42M,1.57%
5/23/2022,"22,760.00","23,280.00","23,440.00","22,640.00",1.48M,-2.07%
5/24/2022,"23,040.00","23,040.00","23,040.00","22,520.00",1.97M,1.23%
5/25/2022,"24,000.00","23,040.00","24,000.00","23,040.00",4.77M,4.17%
5/26/2022,"24,280.00","24,320.00","24,400.00","24,000.00",3.36M,1.17%
5/27/2022,"25,440.00","24,640.00","25,440.00","24,480.00",6.14M,4.78%
5/30/2022,"25,560.00","25,600.00","25,600.00","25,200.00",2.81M,0.47%
5/31/2022,"25,240.00","25,360.00","25,440.00","25,200.00",2.94M,-1.25%
6/1/2022,"24,880.00","25,440.00","25,440.00","24,880.00",4.40M,-1.43%
6/2/2022,"25,350.00","25,600.00","25,950.00","25,350.00",3.75M,1.89%
6/3/2022,"25,300.00","25,500.00","25,600.00","24,900.00",1.41M,-0.20%
6/6/2022,"25,300.00","25,300.00","25,550.00","25,200.00",1.70M,0.00%
6/7/2022,"24,950.00","25,300.00","25,300.00","24,300.00",2.26M,-1.38%
6/8/2022,"25,700.00","24,900.00","25,700.00","24,650.00",4.49M,3.01%
6/9/2022,"25,750.00","25,800.00","25,900.00","25,050.00",3.39M,0.19%
6/10/2022,"25,200.00","25,200.00","25,800.00","25,150.00",2.28M,-2.14%
6/13/2022,"23,900.00","25,000.00","25,000.00","23,800.00",3.83M,-5.16%
6/14/2022,"24,100.00","23,900.00","24,450.00","23,500.00",2.05M,0.84%
6/15/2022,"23,600.00","24,450.00","24,500.00","23,100.00",3.63M,-2.07%
6/16/2022,"24,100.00","23,600.00","24,100.00","23,600.00",1.93M,2.12%
6/17/2022,"23,100.00","23,500.00","23,850.00","22,850.00",3.16M,-4.15%
6/20/2022,"22,900.00","23,100.00","23,500.00","22,800.00",3.96M,-0.87%
6/21/2022,"23,000.00","22,500.00","23,200.00","22,500.00",2.68M,0.44%
6/22/2022,"23,750.00","23,200.00","23,900.00","23,200.00",2.53M,3.26%
6/23/2022,"23,750.00","23,400.00","23,850.00","23,050.00",2.14M,0.00%
6/24/2022,"23,800.00","23,700.00","24,000.00","23,500.00",1.59M,0.21%
6/27/2022,"23,950.00","23,800.00","24,150.00","23,650.00",2.45M,0.63%
6/28/2022,"24,500.00","23,800.00","24,800.00","23,700.00",3.00M,2.30%
6/29/2022,"24,200.00","24,200.00","24,500.00","24,000.00",1.96M,-1.22%
6/30/2022,"24,000.00","24,500.00","24,500.00","23,950.00",2.09M,-0.83%
7/1/2022,"24,050.00","23,850.00","24,050.00","23,500.00",1.85M,0.21%
7/4/2022,"24,250.00","24,400.00","24,500.00","24,000.00",1.82M,0.83%
7/5/2022,"24,450.00","24,450.00","24,600.00","24,250.00",2.99M,0.82%
7/6/2022,"24,200.00","24,400.00","24,500.00","23,600.00",2.02M,-1.02%
7/7/2022,"24,150.00","24,300.00","24,500.00","24,100.00",2.50M,-0.21%
7/8/2022,"24,000.00","24,200.00","24,400.00","24,000.00",2.02M,-0.62%
7/11/2022,"23,500.00","23,850.00","24,000.00","23,500.00",1.63M,-2.08%
7/12/2022,"24,000.00","23,600.00","24,000.00","23,500.00",728.10K,2.13%
7/13/2022,"24,000.00","24,000.00","24,400.00","23,800.00",2.13M,0.00%
7/14/2022,"24,050.00","23,800.00","24,150.00","23,800.00",1.43M,0.21%
7/15/2022,"24,000.00","24,250.00","24,450.00","24,000.00",2.64M,-0.21%
7/18/2022,"23,900.00","24,100.00","24,200.00","23,900.00",2.43M,-0.42%
7/19/2022,"23,900.00","23,900.00","23,950.00","23,800.00",1.51M,0.00%
7/20/2022,"24,300.00","24,100.00","24,350.00","23,900.00",3.04M,1.67%
7/21/2022,"24,650.00","24,300.00","24,900.00","24,200.00",4.31M,1.44%
7/22/2022,"24,350.00","24,650.00","24,800.00","24,350.00",2.04M,-1.22%
7/25/2022,"24,050.00","24,200.00","24,400.00","23,900.00",1.85M,-1.23%
7/26/2022,"24,050.00","24,000.00","24,250.00","24,000.00",1.48M,0.00%
7/27/2022,"24,200.00","24,000.00","24,200.00","23,950.00",890.00K,0.62%
7/28/2022,"24,450.00","24,700.00","24,700.00","24,400.00",3.35M,1.03%
7/29/2022,"24,600.00","24,550.00","24,700.00","24,450.00",3.82M,0.61%
8/1/2022,"25,000.00","24,650.00","25,000.00","24,500.00",4.46M,1.63%
8/2/2022,"24,900.00","25,000.00","25,050.00","24,700.00",3.39M,-0.40%
8/3/2022,"24,950.00","25,000.00","25,050.00","24,700.00",6.08M,0.20%
8/4/2022,"25,000.00","25,000.00","25,250.00","24,900.00",4.39M,0.20%
8/5/2022,"24,850.00","25,000.00","25,000.00","24,500.00",3.27M,-0.60%
8/8/2022,"24,750.00","24,800.00","25,000.00","24,650.00",3.20M,-0.40%
8/9/2022,"24,950.00","24,900.00","25,000.00","24,700.00",3.55M,0.81%
8/10/2022,"24,850.00","24,950.00","25,050.00","24,750.00",1.99M,-0.40%
8/11/2022,"24,750.00","25,000.00","25,100.00","24,700.00",3.44M,-0.40%
8/12/2022,"24,800.00","24,700.00","24,850.00","24,600.00",1.46M,0.20%
8/15/2022,"24,950.00","24,900.00","25,150.00","24,800.00",3.15M,0.60%
8/16/2022,"24,850.00","24,900.00","24,950.00","24,650.00",3.23M,-0.40%
8/17/2022,"24,950.00","24,950.00","25,000.00","24,850.00",3.35M,0.40%
8/18/2022,"25,150.00","24,950.00","25,250.00","24,800.00",5.98M,0.80%
8/19/2022,"24,850.00","25,150.00","25,150.00","24,800.00",1.91M,-1.19%
8/22/2022,"24,650.00","24,800.00","24,800.00","24,600.00",2.24M,-0.80%
8/23/2022,"24,800.00","24,350.00","24,800.00","24,200.00",2.39M,0.61%
8/24/2022,"24,850.00","24,700.00","24,900.00","24,650.00",2.70M,0.20%
8/25/2022,"25,000.00","24,850.00","25,000.00","24,750.00",3.63M,0.60%
8/26/2022,"24,800.00","25,100.00","25,300.00","24,750.00",3.88M,-0.80%
8/29/2022,"24,550.00","24,450.00","24,700.00","24,300.00",3.22M,-1.01%
8/30/2022,"24,550.00","24,600.00","24,850.00","24,550.00",2.02M,0.00%
8/31/2022,"24,650.00","24,550.00","24,750.00","24,550.00",1.97M,0.41%
9/5/2022,"24,500.00","24,550.00","24,750.00","24,450.00",2.31M,-0.61%
9/6/2022,"24,650.00","24,500.00","24,700.00","24,450.00",2.41M,0.61%
9/7/2022,"24,300.00","24,500.00","24,600.00","24,300.00",3.21M,-1.42%
9/8/2022,"24,000.00","24,400.00","24,450.00","24,000.00",2.08M,-1.23%
9/9/2022,"24,000.00","24,200.00","24,200.00","23,750.00",2.23M,0.00%
9/12/2022,"23,750.00","24,000.00","24,200.00","23,750.00",1.39M,-1.04%
9/13/2022,"23,800.00","23,900.00","24,000.00","23,600.00",1.47M,0.21%
9/14/2022,"23,500.00","23,500.00","23,600.00","23,350.00",2.10M,-1.26%
9/15/2022,"23,550.00","23,600.00","23,600.00","23,450.00",1.59M,0.21%
9/16/2022,"23,150.00","23,500.00","23,600.00","23,100.00",2.12M,-1.70%
9/19/2022,"22,850.00","23,150.00","23,200.00","22,700.00",2.56M,-1.30%
9/20/2022,"22,900.00","22,900.00","22,950.00","22,600.00",1.91M,0.22%
9/21/2022,"22,600.00","22,850.00","22,850.00","22,600.00",1.29M,-1.31%
9/22/2022,"22,800.00","22,500.00","22,800.00","22,500.00",1.83M,0.88%
9/23/2022,"22,600.00","22,650.00","22,950.00","22,600.00",1.47M,-0.88%
9/26/2022,"22,200.00","22,400.00","22,500.00","21,800.00",4.55M,-1.77%
9/27/2022,"22,400.00","22,200.00","22,450.00","22,100.00",1.47M,0.90%
9/28/2022,"22,000.00","22,050.00","22,250.00","21,950.00",2.51M,-1.79%
9/29/2022,"22,000.00","22,150.00","22,150.00","21,900.00",3.86M,0.00%
9/30/2022,"22,200.00","22,000.00","22,450.00","21,850.00",4.22M,0.91%
10/3/2022,"21,600.00","22,050.00","22,300.00","21,300.00",3.66M,-2.70%
10/4/2022,"21,000.00","21,700.00","21,950.00","21,000.00",3.47M,-2.78%
10/5/2022,"20,800.00","21,100.00","21,450.00","20,800.00",3.26M,-0.95%
10/6/2022,"20,000.00","20,850.00","21,200.00","20,000.00",2.85M,-3.85%
10/7/2022,"18,650.00","19,550.00","19,900.00","18,600.00",8.49M,-6.75%
10/10/2022,"18,700.00","18,200.00","19,100.00","18,200.00",6.47M,0.27%
10/11/2022,"17,500.00","18,700.00","18,700.00","17,450.00",6.43M,-6.42%
10/12/2022,"18,700.00","17,900.00","18,700.00","17,800.00",3.37M,6.86%
10/13/2022,"19,950.00","18,700.00","19,950.00","18,500.00",3.90M,6.68%
10/14/2022,"20,850.00","20,500.00","20,900.00","20,200.00",3.14M,4.51%
10/17/2022,"20,950.00","20,300.00","21,000.00","20,250.00",3.76M,0.48%
10/18/2022,"21,400.00","21,300.00","21,500.00","21,100.00",2.77M,2.15%
10/19/2022,"21,100.00","21,600.00","21,600.00","21,000.00",1.45M,-1.40%
10/20/2022,"21,350.00","21,100.00","21,500.00","20,700.00",4.02M,1.18%
10/21/2022,"20,400.00","21,350.00","21,350.00","20,250.00",3.39M,-4.45%
10/24/2022,"19,500.00","20,450.00","20,500.00","19,200.00",2.80M,-4.41%
10/25/2022,"20,400.00","19,700.00","20,850.00","19,150.00",4.93M,4.62%
10/26/2022,"20,650.00","20,600.00","20,900.00","20,200.00",2.17M,1.23%
10/27/2022,"22,050.00","20,700.00","22,050.00","20,500.00",4.85M,6.78%
10/28/2022,"22,300.00","22,400.00","22,550.00","22,050.00",3.55M,1.13%
10/31/2022,"22,400.00","22,350.00","22,500.00","21,650.00",3.75M,0.45%
11/1/2022,"22,450.00","22,500.00","23,000.00","22,350.00",3.36M,0.22%
11/2/2022,"21,800.00","22,400.00","22,450.00","21,800.00",3.54M,-2.90%
11/3/2022,"21,350.00","21,500.00","22,000.00","21,350.00",3.28M,-2.06%
11/4/2022,"20,150.00","21,350.00","21,400.00","19,950.00",12.62M,-5.62%
11/7/2022,"20,650.00","20,900.00","21,000.00","20,200.00",4.91M,2.48%
11/8/2022,"21,300.00","20,600.00","21,750.00","20,150.00",4.07M,3.15%
11/9/2022,"20,750.00","21,400.00","21,700.00","20,700.00",3.28M,-2.58%
11/10/2022,"20,000.00","20,650.00","20,900.00","19,500.00",5.46M,-3.61%
11/11/2022,"20,800.00","20,700.00","21,200.00","20,450.00",4.33M,4.00%
11/14/2022,"20,300.00","20,500.00","20,700.00","19,950.00",5.26M,-2.40%
11/15/2022,"19,100.00","20,250.00","20,450.00","19,100.00",6.56M,-5.91%
11/16/2022,"20,400.00","18,900.00","20,400.00","17,900.00",7.40M,6.81%
11/17/2022,"21,050.00","20,800.00","21,350.00","20,800.00",4.30M,3.19%
11/18/2022,"21,150.00","20,800.00","21,450.00","20,600.00",3.54M,0.48%
11/21/2022,"20,600.00","21,200.00","21,200.00","20,600.00",2.28M,-2.60%
11/22/2022,"20,350.00","20,400.00","21,350.00","20,350.00",4.43M,-1.21%
11/23/2022,"20,650.00","20,400.00","20,950.00","20,350.00",2.55M,1.47%
11/24/2022,"21,000.00","20,600.00","21,200.00","20,400.00",2.31M,1.69%
11/25/2022,"21,500.00","21,500.00","21,500.00","21,050.00",2.83M,2.38%
11/28/2022,"22,250.00","21,600.00","22,250.00","21,550.00",5.24M,3.49%
11/29/2022,"22,150.00","22,250.00","22,250.00","21,700.00",3.94M,-0.45%
11/30/2022,"22,100.00","22,250.00","22,450.00","21,800.00",4.12M,-0.23%
12/1/2022,"22,500.00","22,300.00","22,850.00","22,000.00",6.81M,1.81%
12/2/2022,"23,500.00","22,500.00","23,500.00","22,150.00",4.79M,4.44%
12/5/2022,"23,600.00","23,550.00","24,000.00","23,200.00",4.72M,0.43%
12/6/2022,"22,300.00","23,600.00","23,750.00","22,300.00",5.16M,-5.51%
12/7/2022,"22,300.00","22,500.00","22,500.00","21,750.00",3.30M,0.00%
12/8/2022,"22,650.00","22,450.00","23,800.00","22,100.00",4.80M,1.57%
12/9/2022,"23,050.00","22,750.00","23,200.00","22,450.00",3.32M,1.77%
12/12/2022,"22,500.00","23,050.00","23,300.00","22,500.00",3.18M,-2.39%
12/13/2022,"23,050.00","22,400.00","23,050.00","22,250.00",2.69M,2.44%
12/14/2022,"23,150.00","23,100.00","23,450.00","22,750.00",3.29M,0.43%
12/15/2022,"23,200.00","23,000.00","23,500.00","23,000.00",4.11M,0.22%
12/16/2022,"23,000.00","23,000.00","23,400.00","22,850.00",2.22M,-0.86%
12/19/2022,"22,750.00","22,900.00","23,250.00","22,750.00",3.38M,-1.09%
12/20/2022,"22,550.00","22,750.00","22,900.00","22,200.00",2.57M,-0.88%
12/21/2022,"22,800.00","22,600.00","23,000.00","22,300.00",1.89M,1.11%
12/22/2022,"22,900.00","23,000.00","23,000.00","22,750.00",1.96M,0.44%
12/23/2022,"22,900.00","22,900.00","22,900.00","22,300.00",1.74M,0.00%
12/26/2022,"22,100.00","22,900.00","22,900.00","22,100.00",1.78M,-3.49%
12/27/2022,"22,100.00","22,100.00","22,600.00","22,000.00",2.04M,0.00%
12/28/2022,"22,000.00","22,100.00","22,450.00","21,950.00",1.83M,-0.45%
12/29/2022,"22,000.00","22,000.00","22,400.00","21,800.00",1.81M,0.00%
12/30/2022,"21,900.00","22,000.00","22,200.00","21,800.00",1.34M,-0.45%
1/3/2023,"22,700.00","22,000.00","22,700.00","21,950.00",1.55M,3.65%
1/4/2023,"22,650.00","22,850.00","22,850.00","22,550.00",1.64M,-0.22%
1/5/2023,"22,850.00","22,750.00","23,000.00","22,650.00",2.10M,0.88%
1/6/2023,"23,150.00","22,800.00","23,350.00","22,600.00",3.40M,1.31%
1/9/2023,"23,100.00","23,350.00","23,350.00","22,950.00",1.75M,-0.22%
1/10/2023,"23,450.00","23,250.00","23,450.00","22,950.00",3.06M,1.52%
1/11/2023,"24,200.00","23,600.00","24,450.00","23,450.00",5.34M,3.20%
1/12/2023,"24,500.00","24,200.00","24,650.00","24,200.00",2.88M,1.24%
1/13/2023,"24,150.00","24,600.00","24,800.00","24,150.00",2.15M,-1.43%
1/16/2023,"25,000.00","24,150.00","25,000.00","24,150.00",3.54M,3.52%
1/17/2023,"25,300.00","25,050.00","25,450.00","24,950.00",3.98M,1.20%
1/18/2023,"25,500.00","25,300.00","25,700.00","25,100.00",5.44M,0.79%
1/19/2023,"26,000.00","25,500.00","26,000.00","25,450.00",5.52M,1.96%
1/27/2023,"26,350.00","26,350.00","26,500.00","25,900.00",3.76M,1.35%
1/30/2023,"25,400.00","26,300.00","26,350.00","25,400.00",5.40M,-3.61%
1/31/2023,"26,050.00","25,400.00","26,050.00","25,000.00",3.48M,2.56%
2/1/2023,"25,200.00","26,100.00","26,250.00","25,100.00",3.48M,-3.26%
2/2/2023,"25,000.00","25,150.00","25,600.00","24,800.00",2.88M,-0.79%
2/3/2023,"24,500.00","25,000.00","25,250.00","24,400.00",9.53M,-2.00%
2/6/2023,"24,900.00","24,400.00","25,150.00","24,150.00",2.40M,1.63%
2/7/2023,"24,600.00","25,000.00","25,100.00","24,400.00",2.47M,-1.20%
2/8/2023,"24,650.00","24,800.00","25,050.00","24,550.00",1.92M,0.20%
2/9/2023,"24,500.00","24,650.00","25,100.00","24,500.00",3.23M,-0.61%
2/10/2023,"24,200.00","24,600.00","24,750.00","24,200.00",2.01M,-1.22%
2/13/2023,"23,900.00","24,150.00","24,150.00","23,800.00",2.59M,-1.24%
2/14/2023,"23,850.00","24,100.00","24,100.00","23,800.00",1.44M,-0.21%
2/15/2023,"24,550.00","23,900.00","24,650.00","23,750.00",3.33M,2.94%
2/16/2023,"24,800.00","24,800.00","24,800.00","24,400.00",1.62M,1.02%
2/17/2023,"24,800.00","24,850.00","24,950.00","24,550.00",1.72M,0.00%
2/20/2023,"25,800.00","24,700.00","25,800.00","24,650.00",4.90M,4.03%
2/21/2023,"25,500.00","25,800.00","26,000.00","25,500.00",1.72M,-1.16%
2/22/2023,"24,850.00","25,200.00","25,550.00","24,850.00",2.65M,-2.55%
2/23/2023,"25,400.00","24,750.00","25,500.00","24,250.00",3.86M,2.21%
2/24/2023,"24,600.00","25,000.00","25,300.00","24,550.00",2.23M,-3.15%
2/27/2023,"24,250.00","24,500.00","24,600.00","24,100.00",3.11M,-1.42%
2/28/2023,"24,400.00","24,500.00","24,750.00","24,250.00",6.15M,0.62%
3/1/2023,"25,150.00","24,400.00","25,200.00","24,200.00",2.54M,3.07%
3/2/2023,"25,050.00","25,000.00","25,450.00","25,000.00",3.34M,-0.40%
3/3/2023,"24,500.00","25,050.00","25,300.00","24,500.00",2.40M,-2.20%
3/6/2023,"24,300.00","24,850.00","25,100.00","24,300.00",5.22M,-0.82%
3/7/2023,"24,500.00","24,750.00","25,000.00","24,300.00",4.64M,0.82%
3/8/2023,"25,000.00","24,250.00","25,000.00","24,250.00",2.78M,2.04%
3/9/2023,"25,350.00","25,000.00","25,450.00","24,900.00",3.74M,1.40%
3/10/2023,"24,900.00","25,050.00","25,200.00","24,750.00",2.42M,-1.78%
3/13/2023,"24,500.00","24,750.00","24,950.00","24,350.00",4.02M,-1.61%
3/14/2023,"24,050.00","24,550.00","24,700.00","23,950.00",6.77M,-1.84%
3/15/2023,"24,800.00","24,600.00","24,800.00","24,450.00",1.96M,3.12%
3/16/2023,"24,400.00","24,500.00","24,750.00","24,150.00",2.50M,-1.61%
3/17/2023,"24,350.00","24,550.00","24,650.00","24,350.00",1.25M,-0.20%
3/20/2023,"24,000.00","24,200.00","24,350.00","24,000.00",2.46M,-1.44%
3/21/2023,"24,200.00","24,400.00","24,400.00","23,850.00",1.49M,0.83%
3/22/2023,"24,150.00","24,350.00","24,350.00","24,050.00",1.86M,-0.21%
3/23/2023,"24,500.00","24,100.00","24,600.00","23,950.00",7.08M,1.45%
3/24/2023,"24,550.00","24,600.00","24,850.00","24,500.00",1.68M,0.20%
3/27/2023,"24,450.00","24,600.00","24,750.00","24,350.00",2.46M,-0.41%
3/28/2023,"24,450.00","24,650.00","24,800.00","24,450.00",8.29M,0.00%
3/29/2023,"24,400.00","24,500.00","24,600.00","24,350.00",15.18M,-0.20%
3/30/2023,"24,600.00","24,600.00","24,700.00","24,550.00",2.12M,0.82%
3/31/2023,"25,000.00","24,700.00","25,250.00","24,650.00",5.88M,1.63%
4/3/2023,"25,250.00","25,250.00","25,400.00","25,000.00",9.97M,1.00%
4/4/2023,"25,150.00","25,250.00","25,350.00","25,050.00",7.19M,-0.40%
4/5/2023,"25,300.00","25,100.00","25,300.00","25,050.00",3.32M,0.60%
4/6/2023,"24,900.00","25,400.00","25,450.00","24,900.00",4.33M,-1.58%
4/7/2023,"25,050.00","24,950.00","25,100.00","24,900.00",3.14M,0.60%
4/10/2023,"25,000.00","25,100.00","25,150.00","24,850.00",3.64M,-0.20%
4/11/2023,"24,950.00","24,900.00","25,050.00","24,700.00",1.60M,-0.20%
4/12/2023,"24,850.00","25,000.00","25,050.00","24,800.00",3.22M,-0.40%
4/13/2023,"24,950.00","24,950.00","25,050.00","24,850.00",2.52M,0.40%
4/14/2023,"24,950.00","25,050.00","25,100.00","24,850.00",5.02M,0.00%
4/17/2023,"25,000.00","24,950.00","25,000.00","24,800.00",1.65M,0.20%
4/18/2023,"24,750.00","25,000.00","25,000.00","24,750.00",2.10M,-1.00%
4/19/2023,"24,400.00","24,800.00","24,800.00","24,400.00",4.60M,-1.41%
4/20/2023,"24,250.00","24,500.00","24,550.00","24,200.00",2.47M,-0.61%
4/21/2023,"24,250.00","24,300.00","24,400.00","24,250.00",2.47M,0.00%
4/24/2023,"24,200.00","24,300.00","24,450.00","24,100.00",2.27M,-0.21%
4/25/2023,"24,150.00","24,300.00","24,450.00","24,100.00",6.17M,-0.21%
4/26/2023,"24,150.00","24,150.00","24,200.00","23,950.00",3.86M,0.00%
4/27/2023,"24,150.00","24,200.00","24,450.00","24,100.00",2.18M,0.00%
4/28/2023,"24,200.00","24,200.00","24,400.00","24,150.00",9.77M,0.21%
